Detector, Descriptor, frame, track_id, TTCCamera
SHITOMASI, BRIEF, 13, 19, 0.109621
SHITOMASI, BRIEF, 12, 19, 0.00599275
SHITOMASI, BRIEF, 11, 16, 0.109445
SHITOMASI, BRIEF, 11, 17, 0.509538
SHITOMASI, BRIEF, 10, 14, 0.168662
SHITOMASI, BRIEF, 9, 6, 0.101147
SHITOMASI, BRIEF, 9, 7, 0.585781
SHITOMASI, BRIEF, 7, 5, 0.082633
SHITOMASI, BRIEF, 7, 6, 0.237416
SHITOMASI, BRIEF, 7, 7, 0.0588609
SHITOMASI, BRIEF, 7, 8, 0.265821
SHITOMASI, BRIEF, 7, 9, 0.0351887
SHITOMASI, BRIEF, 7, 10, 0.151782
SHITOMASI, BRIEF, 7, 11, 0.113713
SHITOMASI, BRIEF, 7, 12, 0.178635
SHITOMASI, BRIEF, 7, 13, 0.00710538
SHITOMASI, BRIEF, 7, 14, 0.0984672
SHITOMASI, BRIEF, 7, 15, 0.166134
SHITOMASI, BRIEF, 7, 16, 0.118138
SHITOMASI, BRIEF, 8, 5, 0.242744
SHITOMASI, BRIEF, 8, 6, 0.0393089
SHITOMASI, BRIEF, 8, 7, 0.531254
SHITOMASI, BRIEF, 8, 8, 0.0248849
SHITOMASI, BRIEF, 8, 9, 0.0990378
SHITOMASI, BRIEF, 8, 10, 7.33227
SHITOMASI, BRIEF, 8, 11, 0.241809
SHITOMASI, BRIEF, 8, 12, 0.0198846
SHITOMASI, BRIEF, 8, 13, 0.0779536
SHITOMASI, BRIEF, 8, 14, 0.593764
SHITOMASI, BRIEF, 8, 15, 0.577969
SHITOMASI, BRIEF, 8, 16, 0.0551947
SHITOMASI, BRIEF, 8, 17, 0.169533
SHITOMASI, BRIEF, 8, 18, 0.472322
SHITOMASI, BRIEF, 8, 19, 0.0580557
SHITOMASI, BRIEF, 5, 3, 0.313479
SHITOMASI, BRIEF, 5, 4, 0.073958
SHITOMASI, BRIEF, 5, 5, 0.0455185
SHITOMASI, BRIEF, 5, 6, 0.0639531
SHITOMASI, BRIEF, 5, 7, 0.0585218
SHITOMASI, BRIEF, 5, 8, 0.0159309
SHITOMASI, BRIEF, 5, 9, 0.0819896
SHITOMASI, BRIEF, 5, 10, 0.185171
SHITOMASI, BRIEF, 5, 11, 0.00938977
SHITOMASI, BRIEF, 5, 12, 0.124115
SHITOMASI, BRIEF, 5, 13, 0.013248
SHITOMASI, BRIEF, 5, 14, 0.575629
SHITOMASI, BRIEF, 5, 15, 0.0821353
SHITOMASI, BRIEF, 5, 16, 0.181078
SHITOMASI, BRIEF, 5, 17, 0.156953
SHITOMASI, BRIEF, 5, 18, 0.0222151
SHITOMASI, BRIEF, 5, 19, 0.126656
SHITOMASI, BRIEF, 6, 3, 0.325743
SHITOMASI, BRIEF, 0, 2, 19.1481
SHITOMASI, BRIEF, 0, 3, 6.27901
SHITOMASI, BRIEF, 0, 4, 3.42544
SHITOMASI, BRIEF, 0, 5, 2.99292
SHITOMASI, BRIEF, 0, 6, 5.491
SHITOMASI, BRIEF, 0, 7, 13.8967
SHITOMASI, BRIEF, 0, 8, 18.722
SHITOMASI, BRIEF, 0, 9, 3.23147
SHITOMASI, BRIEF, 0, 10, 3.4436
SHITOMASI, BRIEF, 0, 11, 10.7922
SHITOMASI, BRIEF, 0, 12, 2.56936
SHITOMASI, BRIEF, 0, 13, 3.09207
SHITOMASI, BRIEF, 0, 14, 6.36292
SHITOMASI, BRIEF, 0, 15, 2.0536
SHITOMASI, BRIEF, 0, 16, 3.73644
SHITOMASI, BRIEF, 0, 17, 0.62817
SHITOMASI, BRIEF, 0, 18, 0.557378
SHITOMASI, BRIEF, 0, 19, 0.505403
SHITOMASI, BRIEF, 1, 2, 1.15003
SHITOMASI, BRIEF, 1, 3, 0.278346
SHITOMASI, BRIEF, 1, 4, 0.250439
SHITOMASI, BRIEF, 1, 5, 0.0321008
SHITOMASI, BRIEF, 1, 6, 0.151311
SHITOMASI, BRIEF, 1, 7, 1.0672
SHITOMASI, BRIEF, 1, 8, 0.0548447
SHITOMASI, BRIEF, 1, 9, 0.115788
SHITOMASI, BRIEF, 1, 10, 0.522878
SHITOMASI, BRIEF, 1, 11, 0.262431
SHITOMASI, BRIEF, 1, 12, 0.377076
SHITOMASI, BRIEF, 1, 13, 0.166226
SHITOMASI, BRIEF, 1, 14, 0.199098
SHITOMASI, BRIEF, 1, 15, 0.571074
SHITOMASI, BRIEF, 1, 16, 0.195867
SHITOMASI, BRIEF, 1, 17, 0.149869
SHITOMASI, BRIEF, 1, 18, 0.173375
SHITOMASI, BRIEF, 1, 19, 0.714981
SHITOMASI, BRIEF, 3, 2, 0.00919832
SHITOMASI, BRIEF, 3, 3, 0.103998
SHITOMASI, BRIEF, 3, 4, 0.148452
SHITOMASI, BRIEF, 3, 5, 0.109648
SHITOMASI, BRIEF, 3, 6, 0.165318
SHITOMASI, BRIEF, 3, 7, 6.14211
SHITOMASI, BRIEF, 3, 8, 0.207181
SHITOMASI, BRIEF, 3, 9, 0.0349429
SHITOMASI, BRIEF, 3, 10, 0.0471182
SHITOMASI, BRIEF, 3, 11, 0.200201
SHITOMASI, BRIEF, 4, 2, 0.0593637
SHITOMASI, BRIEF, 4, 3, 0.171903
SHITOMASI, BRIEF, 4, 4, 0.28339
SHITOMASI, BRIEF, 4, 5, 3.62483
SHITOMASI, BRIEF, 4, 6, 3.16097
SHITOMASI, BRIEF, 4, 7, 1.35317
SHITOMASI, BRIEF, 4, 8, 0.768196
SHITOMASI, BRIEF, 4, 9, 0.544369
SHITOMASI, BRIEF, 4, 10, 0.538505
SHITOMASI, BRIEF, 4, 11, 0.935346
SHITOMASI, BRIEF, 4, 12, 0.364363
SHITOMASI, BRIEF, 4, 13, 0.465589
SHITOMASI, BRIEF, 4, 14, 0.574024
SHITOMASI, BRIEF, 4, 15, 0.545368
SHITOMASI, BRIEF, 4, 16, 0.256404
SHITOMASI, BRIEF, 4, 17, 0.973028
SHITOMASI, BRIEF, 4, 18, 2.29633
SHITOMASI, BRIEF, 4, 19, 0.706892
SHITOMASI, BRIEF, 2, 2, 1.96545
SHITOMASI, BRIEF, 2, 3, 1.17099
SHITOMASI, BRIEF, 2, 4, 0.902319
SHITOMASI, BRIEF, 2, 5, 0.938878
SHITOMASI, BRIEF, 2, 6, 1.71903
SHITOMASI, BRIEF, 2, 7, 4.36438
SHITOMASI, BRIEF, 2, 8, 0.908683
SHITOMASI, BRIEF, 2, 9, 1.94901
SHITOMASI, BRIEF, 2, 10, 4.68645
SHITOMASI, BRIEF, 2, 11, 2.27198
SHITOMASI, BRIEF, 2, 12, 1.65319
SHITOMASI, BRIEF, 2, 13, 10.3554
SHITOMASI, BRIEF, 2, 14, 2.5055
SHITOMASI, BRIEF, 2, 15, 1.2362
SHITOMASI, BRIEF, 2, 16, 11.6607
SHITOMASI, BRIEF, 2, 17, 0.638679
SHITOMASI, BRIEF, 2, 18, 0.518329
SHITOMASI, BRIEF, 2, 19, 1.42541
SHITOMASI, ORB, 13, 19, 0.109621
SHITOMASI, ORB, 12, 19, 0.00599275
SHITOMASI, ORB, 11, 16, 0.109445
SHITOMASI, ORB, 11, 17, 0.509538
SHITOMASI, ORB, 10, 14, 0.168662
SHITOMASI, ORB, 9, 6, 0.101147
SHITOMASI, ORB, 9, 7, 0.585781
SHITOMASI, ORB, 7, 5, 0.082633
SHITOMASI, ORB, 7, 6, 0.237416
SHITOMASI, ORB, 7, 7, 0.0588609
SHITOMASI, ORB, 7, 8, 0.265821
SHITOMASI, ORB, 7, 9, 0.0351887
SHITOMASI, ORB, 7, 10, 0.151782
SHITOMASI, ORB, 7, 11, 0.113713
SHITOMASI, ORB, 7, 12, 0.178635
SHITOMASI, ORB, 7, 13, 0.00710538
SHITOMASI, ORB, 7, 14, 0.0984672
SHITOMASI, ORB, 7, 15, 0.166134
SHITOMASI, ORB, 7, 16, 0.118138
SHITOMASI, ORB, 8, 5, 0.242744
SHITOMASI, ORB, 8, 6, 0.0393089
SHITOMASI, ORB, 8, 7, 0.531254
SHITOMASI, ORB, 8, 8, 0.0248849
SHITOMASI, ORB, 8, 9, 0.0990378
SHITOMASI, ORB, 8, 10, 7.33227
SHITOMASI, ORB, 8, 11, 0.241809
SHITOMASI, ORB, 8, 12, 0.0198846
SHITOMASI, ORB, 8, 13, 0.0779536
SHITOMASI, ORB, 8, 14, 0.593764
SHITOMASI, ORB, 8, 15, 0.577969
SHITOMASI, ORB, 8, 16, 0.0551947
SHITOMASI, ORB, 8, 17, 0.169533
SHITOMASI, ORB, 8, 18, 0.472322
SHITOMASI, ORB, 8, 19, 0.0580557
SHITOMASI, ORB, 5, 3, 0.313479
SHITOMASI, ORB, 5, 4, 0.073958
SHITOMASI, ORB, 5, 5, 0.0455185
SHITOMASI, ORB, 5, 6, 0.0639531
SHITOMASI, ORB, 5, 7, 0.0585218
SHITOMASI, ORB, 5, 8, 0.0159309
SHITOMASI, ORB, 5, 9, 0.0819896
SHITOMASI, ORB, 5, 10, 0.185171
SHITOMASI, ORB, 5, 11, 0.00938977
SHITOMASI, ORB, 5, 12, 0.124115
SHITOMASI, ORB, 5, 13, 0.013248
SHITOMASI, ORB, 5, 14, 0.575629
SHITOMASI, ORB, 5, 15, 0.0821353
SHITOMASI, ORB, 5, 16, 0.181078
SHITOMASI, ORB, 5, 17, 0.156953
SHITOMASI, ORB, 5, 18, 0.0222151
SHITOMASI, ORB, 5, 19, 0.126656
SHITOMASI, ORB, 6, 3, 0.325743
SHITOMASI, ORB, 0, 2, 19.1481
SHITOMASI, ORB, 0, 3, 6.27901
SHITOMASI, ORB, 0, 4, 3.42544
SHITOMASI, ORB, 0, 5, 2.99292
SHITOMASI, ORB, 0, 6, 5.491
SHITOMASI, ORB, 0, 7, 13.8967
SHITOMASI, ORB, 0, 8, 18.722
SHITOMASI, ORB, 0, 9, 3.23147
SHITOMASI, ORB, 0, 10, 3.4436
SHITOMASI, ORB, 0, 11, 10.7922
SHITOMASI, ORB, 0, 12, 2.56936
SHITOMASI, ORB, 0, 13, 3.09207
SHITOMASI, ORB, 0, 14, 6.36292
SHITOMASI, ORB, 0, 15, 2.0536
SHITOMASI, ORB, 0, 16, 3.73644
SHITOMASI, ORB, 0, 17, 0.62817
SHITOMASI, ORB, 0, 18, 0.557378
SHITOMASI, ORB, 0, 19, 0.505403
SHITOMASI, ORB, 1, 2, 1.15003
SHITOMASI, ORB, 1, 3, 0.278346
SHITOMASI, ORB, 1, 4, 0.250439
SHITOMASI, ORB, 1, 5, 0.0321008
SHITOMASI, ORB, 1, 6, 0.151311
SHITOMASI, ORB, 1, 7, 1.0672
SHITOMASI, ORB, 1, 8, 0.0548447
SHITOMASI, ORB, 1, 9, 0.115788
SHITOMASI, ORB, 1, 10, 0.522878
SHITOMASI, ORB, 1, 11, 0.262431
SHITOMASI, ORB, 1, 12, 0.377076
SHITOMASI, ORB, 1, 13, 0.166226
SHITOMASI, ORB, 1, 14, 0.199098
SHITOMASI, ORB, 1, 15, 0.571074
SHITOMASI, ORB, 1, 16, 0.195867
SHITOMASI, ORB, 1, 17, 0.149869
SHITOMASI, ORB, 1, 18, 0.173375
SHITOMASI, ORB, 1, 19, 0.714981
SHITOMASI, ORB, 2, 2, 0.00919832
SHITOMASI, ORB, 2, 3, 0.103998
SHITOMASI, ORB, 2, 4, 0.148452
SHITOMASI, ORB, 2, 5, 0.109648
SHITOMASI, ORB, 2, 6, 0.165318
SHITOMASI, ORB, 2, 7, 6.14211
SHITOMASI, ORB, 2, 8, 0.207181
SHITOMASI, ORB, 2, 9, 0.0349429
SHITOMASI, ORB, 2, 10, 0.0471182
SHITOMASI, ORB, 2, 11, 0.200201
SHITOMASI, ORB, 4, 2, 0.0593637
SHITOMASI, ORB, 4, 3, 0.171903
SHITOMASI, ORB, 4, 4, 0.28339
SHITOMASI, ORB, 4, 5, 3.62483
SHITOMASI, ORB, 4, 6, 3.16097
SHITOMASI, ORB, 4, 7, 1.35317
SHITOMASI, ORB, 4, 8, 0.768196
SHITOMASI, ORB, 4, 9, 0.544369
SHITOMASI, ORB, 4, 10, 0.538505
SHITOMASI, ORB, 4, 11, 0.935346
SHITOMASI, ORB, 4, 12, 0.364363
SHITOMASI, ORB, 4, 13, 0.465589
SHITOMASI, ORB, 4, 14, 0.574024
SHITOMASI, ORB, 4, 15, 0.545368
SHITOMASI, ORB, 4, 16, 0.256404
SHITOMASI, ORB, 4, 17, 0.973028
SHITOMASI, ORB, 4, 18, 2.29633
SHITOMASI, ORB, 4, 19, 0.706892
SHITOMASI, ORB, 3, 2, 1.96545
SHITOMASI, ORB, 3, 3, 1.17099
SHITOMASI, ORB, 3, 4, 0.902319
SHITOMASI, ORB, 3, 5, 0.938878
SHITOMASI, ORB, 3, 6, 1.71903
SHITOMASI, ORB, 3, 7, 4.36438
SHITOMASI, ORB, 3, 8, 0.908683
SHITOMASI, ORB, 3, 9, 1.94901
SHITOMASI, ORB, 3, 10, 4.68645
SHITOMASI, ORB, 3, 11, 2.27198
SHITOMASI, ORB, 3, 12, 1.65319
SHITOMASI, ORB, 3, 13, 10.3554
SHITOMASI, ORB, 3, 14, 2.5055
SHITOMASI, ORB, 3, 15, 1.2362
SHITOMASI, ORB, 3, 16, 11.6607
SHITOMASI, ORB, 3, 17, 0.638679
SHITOMASI, ORB, 3, 18, 0.518329
SHITOMASI, ORB, 3, 19, 1.42541
SHITOMASI, FREAK, 16, 19, 0.109621
SHITOMASI, FREAK, 17, 19, 0.00599275
SHITOMASI, FREAK, 15, 16, 0.109445
SHITOMASI, FREAK, 15, 17, 0.509538
SHITOMASI, FREAK, 14, 14, 0.168662
SHITOMASI, FREAK, 13, 13, 0.00710538
SHITOMASI, FREAK, 13, 14, 0.0984672
SHITOMASI, FREAK, 13, 15, 0.166134
SHITOMASI, FREAK, 13, 16, 0.118138
SHITOMASI, FREAK, 12, 11, 0.0188946
SHITOMASI, FREAK, 12, 12, 0.124115
SHITOMASI, FREAK, 12, 13, 0.013248
SHITOMASI, FREAK, 12, 14, 0.575629
SHITOMASI, FREAK, 12, 15, 0.0821353
SHITOMASI, FREAK, 12, 16, 0.181078
SHITOMASI, FREAK, 12, 17, 0.156953
SHITOMASI, FREAK, 12, 18, 0.0222151
SHITOMASI, FREAK, 12, 19, 0.126656
SHITOMASI, FREAK, 11, 8, 0.0930982
SHITOMASI, FREAK, 10, 7, 0.0152872
SHITOMASI, FREAK, 10, 8, 0.0159309
SHITOMASI, FREAK, 10, 9, 0.0819896
SHITOMASI, FREAK, 10, 10, 0.185171
SHITOMASI, FREAK, 9, 6, 0.101147
SHITOMASI, FREAK, 7, 5, 0.082633
SHITOMASI, FREAK, 7, 6, 0.237416
SHITOMASI, FREAK, 7, 7, 0.0588609
SHITOMASI, FREAK, 7, 8, 0.265821
SHITOMASI, FREAK, 7, 9, 0.0351887
SHITOMASI, FREAK, 7, 10, 0.151782
SHITOMASI, FREAK, 8, 5, 0.242744
SHITOMASI, FREAK, 8, 6, 0.0393089
SHITOMASI, FREAK, 8, 7, 0.531254
SHITOMASI, FREAK, 8, 8, 0.0248849
SHITOMASI, FREAK, 8, 9, 0.0990378
SHITOMASI, FREAK, 8, 10, 7.33227
SHITOMASI, FREAK, 8, 11, 0.241809
SHITOMASI, FREAK, 8, 12, 0.0198846
SHITOMASI, FREAK, 8, 13, 0.0779536
SHITOMASI, FREAK, 8, 14, 0.593764
SHITOMASI, FREAK, 8, 15, 0.577969
SHITOMASI, FREAK, 8, 16, 0.0551947
SHITOMASI, FREAK, 8, 17, 0.169533
SHITOMASI, FREAK, 8, 18, 0.472322
SHITOMASI, FREAK, 8, 19, 0.0580557
SHITOMASI, FREAK, 6, 3, 0.313479
SHITOMASI, FREAK, 6, 4, 0.073958
SHITOMASI, FREAK, 6, 5, 0.0455185
SHITOMASI, FREAK, 6, 6, 0.0639531
SHITOMASI, FREAK, 5, 3, 0.325743
SHITOMASI, FREAK, 0, 2, 19.1481
SHITOMASI, FREAK, 0, 3, 6.27901
SHITOMASI, FREAK, 0, 4, 3.42544
SHITOMASI, FREAK, 0, 5, 2.99292
SHITOMASI, FREAK, 0, 6, 5.491
SHITOMASI, FREAK, 0, 7, 13.8967
SHITOMASI, FREAK, 0, 8, 18.722
SHITOMASI, FREAK, 0, 9, 3.23147
SHITOMASI, FREAK, 0, 10, 3.4436
SHITOMASI, FREAK, 0, 11, 10.7922
SHITOMASI, FREAK, 0, 12, 2.56936
SHITOMASI, FREAK, 0, 13, 3.09207
SHITOMASI, FREAK, 0, 14, 6.36292
SHITOMASI, FREAK, 0, 15, 2.0536
SHITOMASI, FREAK, 0, 16, 3.73644
SHITOMASI, FREAK, 0, 17, 0.62817
SHITOMASI, FREAK, 0, 18, 0.557378
SHITOMASI, FREAK, 0, 19, 0.505403
SHITOMASI, FREAK, 1, 2, 1.15003
SHITOMASI, FREAK, 1, 3, 0.278346
SHITOMASI, FREAK, 1, 4, 0.250439
SHITOMASI, FREAK, 1, 5, 0.0321008
SHITOMASI, FREAK, 1, 6, 0.151311
SHITOMASI, FREAK, 1, 7, 1.0672
SHITOMASI, FREAK, 1, 8, 0.0548447
SHITOMASI, FREAK, 1, 9, 0.115788
SHITOMASI, FREAK, 1, 10, 0.522878
SHITOMASI, FREAK, 1, 11, 0.262431
SHITOMASI, FREAK, 1, 12, 0.377076
SHITOMASI, FREAK, 1, 13, 0.166226
SHITOMASI, FREAK, 1, 14, 0.199098
SHITOMASI, FREAK, 1, 15, 0.571074
SHITOMASI, FREAK, 1, 16, 0.195867
SHITOMASI, FREAK, 1, 17, 0.149869
SHITOMASI, FREAK, 1, 18, 0.173375
SHITOMASI, FREAK, 1, 19, 0.714981
SHITOMASI, FREAK, 2, 2, 0.00919832
SHITOMASI, FREAK, 2, 3, 0.103998
SHITOMASI, FREAK, 2, 4, 0.148452
SHITOMASI, FREAK, 2, 5, 0.109648
SHITOMASI, FREAK, 2, 6, 0.165318
SHITOMASI, FREAK, 2, 7, 6.14211
SHITOMASI, FREAK, 2, 8, 0.207181
SHITOMASI, FREAK, 2, 9, 0.0349429
SHITOMASI, FREAK, 2, 10, 0.0471182
SHITOMASI, FREAK, 2, 11, 0.200201
SHITOMASI, FREAK, 4, 2, 0.0593637
SHITOMASI, FREAK, 4, 3, 0.171903
SHITOMASI, FREAK, 4, 4, 0.28339
SHITOMASI, FREAK, 4, 5, 3.62483
SHITOMASI, FREAK, 4, 6, 3.16097
SHITOMASI, FREAK, 4, 7, 1.35317
SHITOMASI, FREAK, 4, 8, 0.768196
SHITOMASI, FREAK, 4, 9, 0.544369
SHITOMASI, FREAK, 4, 10, 0.538505
SHITOMASI, FREAK, 4, 11, 0.935346
SHITOMASI, FREAK, 4, 12, 0.364363
SHITOMASI, FREAK, 4, 13, 0.465589
SHITOMASI, FREAK, 4, 14, 0.574024
SHITOMASI, FREAK, 4, 15, 0.545368
SHITOMASI, FREAK, 4, 16, 0.256404
SHITOMASI, FREAK, 4, 17, 0.973028
SHITOMASI, FREAK, 4, 18, 2.29633
SHITOMASI, FREAK, 4, 19, 0.706892
SHITOMASI, FREAK, 3, 2, 1.96545
SHITOMASI, FREAK, 3, 3, 1.17099
SHITOMASI, FREAK, 3, 4, 0.902319
SHITOMASI, FREAK, 3, 5, 0.938878
SHITOMASI, FREAK, 3, 6, 1.71903
SHITOMASI, FREAK, 3, 7, 4.36438
SHITOMASI, FREAK, 3, 8, 0.908683
SHITOMASI, FREAK, 3, 9, 1.94901
SHITOMASI, FREAK, 3, 10, 4.68645
SHITOMASI, FREAK, 3, 11, 2.27198
SHITOMASI, FREAK, 3, 12, 1.65319
SHITOMASI, FREAK, 3, 13, 10.3554
SHITOMASI, FREAK, 3, 14, 2.5055
SHITOMASI, FREAK, 3, 15, 1.2362
SHITOMASI, FREAK, 3, 16, 11.6607
SHITOMASI, FREAK, 3, 17, 0.638679
SHITOMASI, FREAK, 3, 18, 0.518329
SHITOMASI, FREAK, 3, 19, 1.42541
SHITOMASI, SIFT, 18, 19, 0.109621
SHITOMASI, SIFT, 16, 16, 0.109445
SHITOMASI, SIFT, 16, 17, 0.509538
SHITOMASI, SIFT, 17, 16, 0.118138
SHITOMASI, SIFT, 14, 15, 0.577969
SHITOMASI, SIFT, 14, 16, 0.0551947
SHITOMASI, SIFT, 14, 17, 0.169533
SHITOMASI, SIFT, 14, 18, 0.472322
SHITOMASI, SIFT, 15, 15, 0.571074
SHITOMASI, SIFT, 15, 16, 0.195867
SHITOMASI, SIFT, 15, 17, 0.149869
SHITOMASI, SIFT, 15, 18, 0.173375
SHITOMASI, SIFT, 15, 19, 0.714981
SHITOMASI, SIFT, 13, 14, 0.168662
SHITOMASI, SIFT, 11, 11, 0.0188946
SHITOMASI, SIFT, 11, 12, 0.124115
SHITOMASI, SIFT, 11, 13, 0.013248
SHITOMASI, SIFT, 11, 14, 0.575629
SHITOMASI, SIFT, 11, 15, 0.0821353
SHITOMASI, SIFT, 11, 16, 0.181078
SHITOMASI, SIFT, 11, 17, 0.156953
SHITOMASI, SIFT, 11, 18, 0.0222151
SHITOMASI, SIFT, 11, 19, 0.126656
SHITOMASI, SIFT, 12, 11, 0.241809
SHITOMASI, SIFT, 9, 9, 0.0351887
SHITOMASI, SIFT, 10, 9, 0.115788
SHITOMASI, SIFT, 10, 10, 0.522878
SHITOMASI, SIFT, 10, 11, 0.262431
SHITOMASI, SIFT, 10, 12, 0.377076
SHITOMASI, SIFT, 10, 13, 0.166226
SHITOMASI, SIFT, 8, 7, 0.0152872
SHITOMASI, SIFT, 8, 8, 0.0159309
SHITOMASI, SIFT, 8, 9, 0.0819896
SHITOMASI, SIFT, 8, 10, 0.185171
SHITOMASI, SIFT, 7, 7, 0.0588609
SHITOMASI, SIFT, 6, 6, 0.151311
SHITOMASI, SIFT, 5, 5, 0.00588537
SHITOMASI, SIFT, 5, 6, 0.0639531
SHITOMASI, SIFT, 4, 5, 0.082633
SHITOMASI, SIFT, 3, 4, 0.250439
SHITOMASI, SIFT, 2, 3, 0.325743
SHITOMASI, SIFT, 1, 3, 0.103998
SHITOMASI, SIFT, 1, 4, 0.148452
SHITOMASI, SIFT, 1, 5, 0.109648
SHITOMASI, SIFT, 1, 6, 0.165318
SHITOMASI, SIFT, 1, 7, 6.14211
SHITOMASI, SIFT, 1, 8, 0.207181
SHITOMASI, SIFT, 1, 9, 0.0349429
SHITOMASI, SIFT, 1, 10, 0.0471182
SHITOMASI, SIFT, 1, 11, 0.200201
SHITOMASI, SIFT, 0, 2, 19.1481
SHITOMASI, SIFT, 0, 3, 6.27901
SHITOMASI, SIFT, 0, 4, 3.42544
SHITOMASI, SIFT, 0, 5, 2.99292
SHITOMASI, SIFT, 0, 6, 5.491
SHITOMASI, SIFT, 0, 7, 13.8967
SHITOMASI, SIFT, 0, 8, 18.722
SHITOMASI, SIFT, 0, 9, 3.23147
SHITOMASI, SIFT, 0, 10, 3.4436
SHITOMASI, SIFT, 0, 11, 10.7922
SHITOMASI, SIFT, 0, 12, 2.56936
SHITOMASI, SIFT, 0, 13, 3.09207
SHITOMASI, SIFT, 0, 14, 6.36292
SHITOMASI, SIFT, 0, 15, 2.0536
SHITOMASI, SIFT, 0, 16, 3.73644
SHITOMASI, SIFT, 0, 17, 0.62817
SHITOMASI, SIFT, 0, 18, 0.557378
SHITOMASI, SIFT, 0, 19, 0.505403
HARRIS, BRIEF, 12, 19, 0.109621
HARRIS, BRIEF, 13, 19, 0.00599275
HARRIS, BRIEF, 11, 16, 0.109445
HARRIS, BRIEF, 11, 17, 0.509538
HARRIS, BRIEF, 10, 14, 0.168662
HARRIS, BRIEF, 9, 6, 0.101147
HARRIS, BRIEF, 9, 7, 0.585781
HARRIS, BRIEF, 9, 8, 0.0930982
HARRIS, BRIEF, 7, 5, 0.082633
HARRIS, BRIEF, 7, 6, 0.237416
HARRIS, BRIEF, 7, 7, 0.0588609
HARRIS, BRIEF, 7, 8, 0.265821
HARRIS, BRIEF, 7, 9, 0.0351887
HARRIS, BRIEF, 7, 10, 0.151782
HARRIS, BRIEF, 7, 11, 0.113713
HARRIS, BRIEF, 7, 12, 0.178635
HARRIS, BRIEF, 7, 13, 0.00710538
HARRIS, BRIEF, 7, 14, 0.0984672
HARRIS, BRIEF, 7, 15, 0.166134
HARRIS, BRIEF, 7, 16, 0.118138
HARRIS, BRIEF, 8, 5, 0.242744
HARRIS, BRIEF, 8, 6, 0.0393089
HARRIS, BRIEF, 8, 7, 0.531254
HARRIS, BRIEF, 8, 8, 0.0248849
HARRIS, BRIEF, 8, 9, 0.0990378
HARRIS, BRIEF, 8, 10, 7.33227
HARRIS, BRIEF, 8, 11, 0.241809
HARRIS, BRIEF, 8, 12, 0.0198846
HARRIS, BRIEF, 8, 13, 0.0779536
HARRIS, BRIEF, 8, 14, 0.593764
HARRIS, BRIEF, 8, 15, 0.577969
HARRIS, BRIEF, 8, 16, 0.0551947
HARRIS, BRIEF, 8, 17, 0.169533
HARRIS, BRIEF, 8, 18, 0.472322
HARRIS, BRIEF, 8, 19, 0.0580557
HARRIS, BRIEF, 5, 3, 0.313479
HARRIS, BRIEF, 5, 4, 0.073958
HARRIS, BRIEF, 5, 5, 0.0455185
HARRIS, BRIEF, 5, 6, 0.0639531
HARRIS, BRIEF, 5, 7, 0.0585218
HARRIS, BRIEF, 5, 8, 0.0159309
HARRIS, BRIEF, 5, 9, 0.0819896
HARRIS, BRIEF, 5, 10, 0.185171
HARRIS, BRIEF, 5, 11, 0.00938977
HARRIS, BRIEF, 5, 12, 0.124115
HARRIS, BRIEF, 5, 13, 0.013248
HARRIS, BRIEF, 5, 14, 0.575629
HARRIS, BRIEF, 5, 15, 0.0821353
HARRIS, BRIEF, 5, 16, 0.181078
HARRIS, BRIEF, 5, 17, 0.156953
HARRIS, BRIEF, 5, 18, 0.0222151
HARRIS, BRIEF, 5, 19, 0.126656
HARRIS, BRIEF, 6, 3, 0.325743
HARRIS, BRIEF, 0, 2, 19.1481
HARRIS, BRIEF, 0, 3, 6.27901
HARRIS, BRIEF, 0, 4, 3.42544
HARRIS, BRIEF, 0, 5, 2.99292
HARRIS, BRIEF, 0, 6, 5.491
HARRIS, BRIEF, 0, 7, 13.8967
HARRIS, BRIEF, 0, 8, 18.722
HARRIS, BRIEF, 0, 9, 3.23147
HARRIS, BRIEF, 0, 10, 3.4436
HARRIS, BRIEF, 0, 11, 10.7922
HARRIS, BRIEF, 0, 12, 2.56936
HARRIS, BRIEF, 0, 13, 3.09207
HARRIS, BRIEF, 0, 14, 6.36292
HARRIS, BRIEF, 0, 15, 2.0536
HARRIS, BRIEF, 0, 16, 3.73644
HARRIS, BRIEF, 0, 17, 0.62817
HARRIS, BRIEF, 0, 18, 0.557378
HARRIS, BRIEF, 0, 19, 0.505403
HARRIS, BRIEF, 3, 2, 1.15003
HARRIS, BRIEF, 3, 3, 0.278346
HARRIS, BRIEF, 3, 4, 0.250439
HARRIS, BRIEF, 3, 5, 0.0321008
HARRIS, BRIEF, 3, 6, 0.151311
HARRIS, BRIEF, 3, 7, 1.0672
HARRIS, BRIEF, 3, 8, 0.0548447
HARRIS, BRIEF, 3, 9, 0.115788
HARRIS, BRIEF, 3, 10, 0.522878
HARRIS, BRIEF, 3, 11, 0.262431
HARRIS, BRIEF, 3, 12, 0.377076
HARRIS, BRIEF, 3, 13, 0.166226
HARRIS, BRIEF, 3, 14, 0.199098
HARRIS, BRIEF, 3, 15, 0.571074
HARRIS, BRIEF, 3, 16, 0.195867
HARRIS, BRIEF, 3, 17, 0.149869
HARRIS, BRIEF, 3, 18, 0.173375
HARRIS, BRIEF, 3, 19, 0.714981
HARRIS, BRIEF, 1, 2, 0.00919832
HARRIS, BRIEF, 1, 3, 0.103998
HARRIS, BRIEF, 1, 4, 0.148452
HARRIS, BRIEF, 1, 5, 0.109648
HARRIS, BRIEF, 1, 6, 0.165318
HARRIS, BRIEF, 1, 7, 6.14211
HARRIS, BRIEF, 1, 8, 0.207181
HARRIS, BRIEF, 1, 9, 0.0349429
HARRIS, BRIEF, 1, 10, 0.0471182
HARRIS, BRIEF, 1, 11, 0.200201
HARRIS, BRIEF, 4, 2, 0.0593637
HARRIS, BRIEF, 4, 3, 0.171903
HARRIS, BRIEF, 4, 4, 0.28339
HARRIS, BRIEF, 4, 5, 3.62483
HARRIS, BRIEF, 4, 6, 3.16097
HARRIS, BRIEF, 4, 7, 1.35317
HARRIS, BRIEF, 4, 8, 0.768196
HARRIS, BRIEF, 4, 9, 0.544369
HARRIS, BRIEF, 4, 10, 0.538505
HARRIS, BRIEF, 4, 11, 0.935346
HARRIS, BRIEF, 4, 12, 0.364363
HARRIS, BRIEF, 4, 13, 0.465589
HARRIS, BRIEF, 4, 14, 0.574024
HARRIS, BRIEF, 4, 15, 0.545368
HARRIS, BRIEF, 4, 16, 0.256404
HARRIS, BRIEF, 4, 17, 0.973028
HARRIS, BRIEF, 4, 18, 2.29633
HARRIS, BRIEF, 4, 19, 0.706892
HARRIS, BRIEF, 2, 2, 1.96545
HARRIS, BRIEF, 2, 3, 1.17099
HARRIS, BRIEF, 2, 4, 0.902319
HARRIS, BRIEF, 2, 5, 0.938878
HARRIS, BRIEF, 2, 6, 1.71903
HARRIS, BRIEF, 2, 7, 4.36438
HARRIS, BRIEF, 2, 8, 0.908683
HARRIS, BRIEF, 2, 9, 1.94901
HARRIS, BRIEF, 2, 10, 4.68645
HARRIS, BRIEF, 2, 11, 2.27198
HARRIS, BRIEF, 2, 12, 1.65319
HARRIS, BRIEF, 2, 13, 10.3554
HARRIS, BRIEF, 2, 14, 2.5055
HARRIS, BRIEF, 2, 15, 1.2362
HARRIS, BRIEF, 2, 16, 11.6607
HARRIS, BRIEF, 2, 17, 0.638679
HARRIS, BRIEF, 2, 18, 0.518329
HARRIS, BRIEF, 2, 19, 1.42541
HARRIS, ORB, 12, 19, 0.109621
HARRIS, ORB, 13, 19, 0.00599275
HARRIS, ORB, 11, 16, 0.109445
HARRIS, ORB, 11, 17, 0.509538
HARRIS, ORB, 10, 14, 0.168662
HARRIS, ORB, 9, 6, 0.101147
HARRIS, ORB, 9, 7, 0.585781
HARRIS, ORB, 9, 8, 0.0930982
HARRIS, ORB, 8, 5, 0.082633
HARRIS, ORB, 8, 6, 0.237416
HARRIS, ORB, 8, 7, 0.0588609
HARRIS, ORB, 8, 8, 0.265821
HARRIS, ORB, 8, 9, 0.0351887
HARRIS, ORB, 8, 10, 0.151782
HARRIS, ORB, 8, 11, 0.113713
HARRIS, ORB, 8, 12, 0.178635
HARRIS, ORB, 8, 13, 0.00710538
HARRIS, ORB, 8, 14, 0.0984672
HARRIS, ORB, 8, 15, 0.166134
HARRIS, ORB, 8, 16, 0.118138
HARRIS, ORB, 7, 5, 0.242744
HARRIS, ORB, 7, 6, 0.0393089
HARRIS, ORB, 7, 7, 0.531254
HARRIS, ORB, 7, 8, 0.0248849
HARRIS, ORB, 7, 9, 0.0990378
HARRIS, ORB, 7, 10, 7.33227
HARRIS, ORB, 7, 11, 0.241809
HARRIS, ORB, 7, 12, 0.0198846
HARRIS, ORB, 7, 13, 0.0779536
HARRIS, ORB, 7, 14, 0.593764
HARRIS, ORB, 7, 15, 0.577969
HARRIS, ORB, 7, 16, 0.0551947
HARRIS, ORB, 7, 17, 0.169533
HARRIS, ORB, 7, 18, 0.472322
HARRIS, ORB, 7, 19, 0.0580557
HARRIS, ORB, 5, 3, 0.313479
HARRIS, ORB, 5, 4, 0.073958
HARRIS, ORB, 5, 5, 0.0455185
HARRIS, ORB, 5, 6, 0.0639531
HARRIS, ORB, 5, 7, 0.0585218
HARRIS, ORB, 5, 8, 0.0159309
HARRIS, ORB, 5, 9, 0.0819896
HARRIS, ORB, 5, 10, 0.185171
HARRIS, ORB, 5, 11, 0.00938977
HARRIS, ORB, 5, 12, 0.124115
HARRIS, ORB, 5, 13, 0.013248
HARRIS, ORB, 5, 14, 0.575629
HARRIS, ORB, 5, 15, 0.0821353
HARRIS, ORB, 5, 16, 0.181078
HARRIS, ORB, 5, 17, 0.156953
HARRIS, ORB, 5, 18, 0.0222151
HARRIS, ORB, 5, 19, 0.126656
HARRIS, ORB, 6, 3, 0.325743
HARRIS, ORB, 0, 2, 19.1481
HARRIS, ORB, 0, 3, 6.27901
HARRIS, ORB, 0, 4, 3.42544
HARRIS, ORB, 0, 5, 2.99292
HARRIS, ORB, 0, 6, 5.491
HARRIS, ORB, 0, 7, 13.8967
HARRIS, ORB, 0, 8, 18.722
HARRIS, ORB, 0, 9, 3.23147
HARRIS, ORB, 0, 10, 3.4436
HARRIS, ORB, 0, 11, 10.7922
HARRIS, ORB, 0, 12, 2.56936
HARRIS, ORB, 0, 13, 3.09207
HARRIS, ORB, 0, 14, 6.36292
HARRIS, ORB, 0, 15, 2.0536
HARRIS, ORB, 0, 16, 3.73644
HARRIS, ORB, 0, 17, 0.62817
HARRIS, ORB, 0, 18, 0.557378
HARRIS, ORB, 0, 19, 0.505403
HARRIS, ORB, 3, 2, 1.15003
HARRIS, ORB, 3, 3, 0.278346
HARRIS, ORB, 3, 4, 0.250439
HARRIS, ORB, 3, 5, 0.0321008
HARRIS, ORB, 3, 6, 0.151311
HARRIS, ORB, 3, 7, 1.0672
HARRIS, ORB, 3, 8, 0.0548447
HARRIS, ORB, 3, 9, 0.115788
HARRIS, ORB, 3, 10, 0.522878
HARRIS, ORB, 3, 11, 0.262431
HARRIS, ORB, 3, 12, 0.377076
HARRIS, ORB, 3, 13, 0.166226
HARRIS, ORB, 3, 14, 0.199098
HARRIS, ORB, 3, 15, 0.571074
HARRIS, ORB, 3, 16, 0.195867
HARRIS, ORB, 3, 17, 0.149869
HARRIS, ORB, 3, 18, 0.173375
HARRIS, ORB, 3, 19, 0.714981
HARRIS, ORB, 1, 2, 0.00919832
HARRIS, ORB, 1, 3, 0.103998
HARRIS, ORB, 1, 4, 0.148452
HARRIS, ORB, 1, 5, 0.109648
HARRIS, ORB, 1, 6, 0.165318
HARRIS, ORB, 1, 7, 6.14211
HARRIS, ORB, 1, 8, 0.207181
HARRIS, ORB, 1, 9, 0.0349429
HARRIS, ORB, 1, 10, 0.0471182
HARRIS, ORB, 1, 11, 0.200201
HARRIS, ORB, 4, 2, 0.0593637
HARRIS, ORB, 4, 3, 0.171903
HARRIS, ORB, 4, 4, 0.28339
HARRIS, ORB, 4, 5, 3.62483
HARRIS, ORB, 4, 6, 3.16097
HARRIS, ORB, 4, 7, 1.35317
HARRIS, ORB, 4, 8, 0.768196
HARRIS, ORB, 4, 9, 0.544369
HARRIS, ORB, 4, 10, 0.538505
HARRIS, ORB, 4, 11, 0.935346
HARRIS, ORB, 4, 12, 0.364363
HARRIS, ORB, 4, 13, 0.465589
HARRIS, ORB, 4, 14, 0.574024
HARRIS, ORB, 4, 15, 0.545368
HARRIS, ORB, 4, 16, 0.256404
HARRIS, ORB, 4, 17, 0.973028
HARRIS, ORB, 4, 18, 2.29633
HARRIS, ORB, 4, 19, 0.706892
HARRIS, ORB, 2, 2, 1.96545
HARRIS, ORB, 2, 3, 1.17099
HARRIS, ORB, 2, 4, 0.902319
HARRIS, ORB, 2, 5, 0.938878
HARRIS, ORB, 2, 6, 1.71903
HARRIS, ORB, 2, 7, 4.36438
HARRIS, ORB, 2, 8, 0.908683
HARRIS, ORB, 2, 9, 1.94901
HARRIS, ORB, 2, 10, 4.68645
HARRIS, ORB, 2, 11, 2.27198
HARRIS, ORB, 2, 12, 1.65319
HARRIS, ORB, 2, 13, 10.3554
HARRIS, ORB, 2, 14, 2.5055
HARRIS, ORB, 2, 15, 1.2362
HARRIS, ORB, 2, 16, 11.6607
HARRIS, ORB, 2, 17, 0.638679
HARRIS, ORB, 2, 18, 0.518329
HARRIS, ORB, 2, 19, 1.42541
HARRIS, FREAK, 12, 19, 0.109621
HARRIS, FREAK, 13, 19, 0.00599275
HARRIS, FREAK, 11, 16, 0.109445
HARRIS, FREAK, 11, 17, 0.509538
HARRIS, FREAK, 10, 14, 0.168662
HARRIS, FREAK, 9, 7, 0.585781
HARRIS, FREAK, 8, 5, 0.082633
HARRIS, FREAK, 8, 6, 0.237416
HARRIS, FREAK, 8, 7, 0.0588609
HARRIS, FREAK, 8, 8, 0.265821
HARRIS, FREAK, 8, 9, 0.0351887
HARRIS, FREAK, 8, 10, 0.151782
HARRIS, FREAK, 8, 11, 0.113713
HARRIS, FREAK, 8, 12, 0.178635
HARRIS, FREAK, 8, 13, 0.00710538
HARRIS, FREAK, 8, 14, 0.0984672
HARRIS, FREAK, 8, 15, 0.166134
HARRIS, FREAK, 8, 16, 0.118138
HARRIS, FREAK, 7, 5, 0.242744
HARRIS, FREAK, 7, 6, 0.0393089
HARRIS, FREAK, 7, 7, 0.531254
HARRIS, FREAK, 7, 8, 0.0248849
HARRIS, FREAK, 7, 9, 0.0990378
HARRIS, FREAK, 7, 10, 7.33227
HARRIS, FREAK, 7, 11, 0.241809
HARRIS, FREAK, 7, 12, 0.0198846
HARRIS, FREAK, 7, 13, 0.0779536
HARRIS, FREAK, 7, 14, 0.593764
HARRIS, FREAK, 7, 15, 0.577969
HARRIS, FREAK, 7, 16, 0.0551947
HARRIS, FREAK, 7, 17, 0.169533
HARRIS, FREAK, 7, 18, 0.472322
HARRIS, FREAK, 7, 19, 0.0580557
HARRIS, FREAK, 5, 3, 0.313479
HARRIS, FREAK, 5, 4, 0.073958
HARRIS, FREAK, 5, 5, 0.0455185
HARRIS, FREAK, 5, 6, 0.0639531
HARRIS, FREAK, 5, 7, 0.0585218
HARRIS, FREAK, 5, 8, 0.0159309
HARRIS, FREAK, 5, 9, 0.0819896
HARRIS, FREAK, 5, 10, 0.185171
HARRIS, FREAK, 5, 11, 0.00938977
HARRIS, FREAK, 5, 12, 0.124115
HARRIS, FREAK, 5, 13, 0.013248
HARRIS, FREAK, 5, 14, 0.575629
HARRIS, FREAK, 5, 15, 0.0821353
HARRIS, FREAK, 5, 16, 0.181078
HARRIS, FREAK, 5, 17, 0.156953
HARRIS, FREAK, 5, 18, 0.0222151
HARRIS, FREAK, 5, 19, 0.126656
HARRIS, FREAK, 6, 3, 0.325743
HARRIS, FREAK, 2, 2, 19.1481
HARRIS, FREAK, 2, 3, 6.27901
HARRIS, FREAK, 2, 4, 3.42544
HARRIS, FREAK, 2, 5, 2.99292
HARRIS, FREAK, 2, 6, 5.491
HARRIS, FREAK, 2, 7, 13.8967
HARRIS, FREAK, 2, 8, 18.722
HARRIS, FREAK, 2, 9, 3.23147
HARRIS, FREAK, 2, 10, 3.4436
HARRIS, FREAK, 2, 11, 10.7922
HARRIS, FREAK, 2, 12, 2.56936
HARRIS, FREAK, 2, 13, 3.09207
HARRIS, FREAK, 2, 14, 6.36292
HARRIS, FREAK, 2, 15, 2.0536
HARRIS, FREAK, 2, 16, 3.73644
HARRIS, FREAK, 2, 17, 0.62817
HARRIS, FREAK, 2, 18, 0.557378
HARRIS, FREAK, 2, 19, 0.505403
HARRIS, FREAK, 3, 2, 1.15003
HARRIS, FREAK, 3, 3, 0.278346
HARRIS, FREAK, 3, 4, 0.250439
HARRIS, FREAK, 3, 5, 0.0321008
HARRIS, FREAK, 3, 6, 0.151311
HARRIS, FREAK, 3, 7, 1.0672
HARRIS, FREAK, 3, 8, 0.0548447
HARRIS, FREAK, 3, 9, 0.115788
HARRIS, FREAK, 3, 10, 0.522878
HARRIS, FREAK, 3, 11, 0.262431
HARRIS, FREAK, 3, 12, 0.377076
HARRIS, FREAK, 3, 13, 0.166226
HARRIS, FREAK, 3, 14, 0.199098
HARRIS, FREAK, 3, 15, 0.571074
HARRIS, FREAK, 3, 16, 0.195867
HARRIS, FREAK, 3, 17, 0.149869
HARRIS, FREAK, 3, 18, 0.173375
HARRIS, FREAK, 3, 19, 0.714981
HARRIS, FREAK, 0, 2, 0.00919832
HARRIS, FREAK, 0, 3, 0.103998
HARRIS, FREAK, 0, 4, 0.148452
HARRIS, FREAK, 0, 5, 0.109648
HARRIS, FREAK, 0, 6, 0.165318
HARRIS, FREAK, 0, 7, 6.14211
HARRIS, FREAK, 0, 8, 0.207181
HARRIS, FREAK, 0, 9, 0.0349429
HARRIS, FREAK, 0, 10, 0.0471182
HARRIS, FREAK, 0, 11, 0.200201
HARRIS, FREAK, 4, 2, 0.0593637
HARRIS, FREAK, 4, 3, 0.171903
HARRIS, FREAK, 4, 4, 0.28339
HARRIS, FREAK, 4, 5, 3.62483
HARRIS, FREAK, 4, 6, 3.16097
HARRIS, FREAK, 4, 7, 1.35317
HARRIS, FREAK, 4, 8, 0.768196
HARRIS, FREAK, 4, 9, 0.544369
HARRIS, FREAK, 4, 10, 0.538505
HARRIS, FREAK, 4, 11, 0.935346
HARRIS, FREAK, 4, 12, 0.364363
HARRIS, FREAK, 4, 13, 0.465589
HARRIS, FREAK, 4, 14, 0.574024
HARRIS, FREAK, 4, 15, 0.545368
HARRIS, FREAK, 4, 16, 0.256404
HARRIS, FREAK, 4, 17, 0.973028
HARRIS, FREAK, 4, 18, 2.29633
HARRIS, FREAK, 4, 19, 0.706892
HARRIS, FREAK, 1, 2, 1.96545
HARRIS, FREAK, 1, 3, 1.17099
HARRIS, FREAK, 1, 4, 0.902319
HARRIS, FREAK, 1, 5, 0.938878
HARRIS, FREAK, 1, 6, 1.71903
HARRIS, FREAK, 1, 7, 4.36438
HARRIS, FREAK, 1, 8, 0.908683
HARRIS, FREAK, 1, 9, 1.94901
HARRIS, FREAK, 1, 10, 4.68645
HARRIS, FREAK, 1, 11, 2.27198
HARRIS, FREAK, 1, 12, 1.65319
HARRIS, FREAK, 1, 13, 10.3554
HARRIS, FREAK, 1, 14, 2.5055
HARRIS, FREAK, 1, 15, 1.2362
HARRIS, FREAK, 1, 16, 11.6607
HARRIS, FREAK, 1, 17, 0.638679
HARRIS, FREAK, 1, 18, 0.518329
HARRIS, FREAK, 1, 19, 1.42541
HARRIS, SIFT, 22, 19, 0.109621
HARRIS, SIFT, 21, 18, 0.518329
HARRIS, SIFT, 20, 16, 0.109445
HARRIS, SIFT, 20, 17, 0.509538
HARRIS, SIFT, 19, 15, 1.2362
HARRIS, SIFT, 18, 14, 0.168662
HARRIS, SIFT, 17, 13, 0.00710538
HARRIS, SIFT, 17, 14, 0.0984672
HARRIS, SIFT, 17, 15, 0.166134
HARRIS, SIFT, 17, 16, 0.118138
HARRIS, SIFT, 16, 13, 0.166226
HARRIS, SIFT, 16, 14, 0.199098
HARRIS, SIFT, 16, 15, 0.571074
HARRIS, SIFT, 16, 16, 0.195867
HARRIS, SIFT, 16, 17, 0.149869
HARRIS, SIFT, 16, 18, 0.173375
HARRIS, SIFT, 16, 19, 0.714981
HARRIS, SIFT, 15, 13, 0.465589
HARRIS, SIFT, 15, 14, 0.574024
HARRIS, SIFT, 15, 15, 0.545368
HARRIS, SIFT, 15, 16, 0.256404
HARRIS, SIFT, 15, 17, 0.973028
HARRIS, SIFT, 15, 18, 2.29633
HARRIS, SIFT, 15, 19, 0.706892
HARRIS, SIFT, 14, 11, 0.0188946
HARRIS, SIFT, 14, 12, 0.124115
HARRIS, SIFT, 14, 13, 0.013248
HARRIS, SIFT, 14, 14, 0.575629
HARRIS, SIFT, 14, 15, 0.0821353
HARRIS, SIFT, 14, 16, 0.181078
HARRIS, SIFT, 14, 17, 0.156953
HARRIS, SIFT, 14, 18, 0.0222151
HARRIS, SIFT, 14, 19, 0.126656
HARRIS, SIFT, 13, 10, 7.33227
HARRIS, SIFT, 13, 11, 0.241809
HARRIS, SIFT, 13, 12, 0.0198846
HARRIS, SIFT, 13, 13, 0.0779536
HARRIS, SIFT, 13, 14, 0.593764
HARRIS, SIFT, 13, 15, 0.577969
HARRIS, SIFT, 13, 16, 0.0551947
HARRIS, SIFT, 13, 17, 0.169533
HARRIS, SIFT, 13, 18, 0.472322
HARRIS, SIFT, 12, 10, 0.538505
HARRIS, SIFT, 12, 11, 0.935346
HARRIS, SIFT, 9, 7, 0.531254
HARRIS, SIFT, 9, 8, 0.0248849
HARRIS, SIFT, 10, 7, 1.35317
HARRIS, SIFT, 10, 8, 0.768196
HARRIS, SIFT, 6, 5, 0.082633
HARRIS, SIFT, 6, 6, 0.237416
HARRIS, SIFT, 6, 7, 0.0588609
HARRIS, SIFT, 6, 8, 0.265821
HARRIS, SIFT, 6, 9, 0.0351887
HARRIS, SIFT, 8, 5, 0.242744
HARRIS, SIFT, 7, 5, 0.938878
HARRIS, SIFT, 5, 4, 0.073958
HARRIS, SIFT, 5, 5, 0.0455185
HARRIS, SIFT, 5, 6, 0.0639531
HARRIS, SIFT, 5, 7, 0.0585218
HARRIS, SIFT, 5, 8, 0.0159309
HARRIS, SIFT, 5, 9, 0.0819896
HARRIS, SIFT, 5, 10, 0.185171
HARRIS, SIFT, 11, 9, 0.115788
HARRIS, SIFT, 11, 10, 0.522878
HARRIS, SIFT, 11, 11, 0.262431
HARRIS, SIFT, 23, 19, 0.00599275
HARRIS, SIFT, 0, 2, 19.1481
HARRIS, SIFT, 0, 3, 6.27901
HARRIS, SIFT, 0, 4, 3.42544
HARRIS, SIFT, 0, 5, 2.99292
HARRIS, SIFT, 0, 6, 5.491
HARRIS, SIFT, 0, 7, 13.8967
HARRIS, SIFT, 0, 8, 18.722
HARRIS, SIFT, 0, 9, 3.23147
HARRIS, SIFT, 0, 10, 3.4436
HARRIS, SIFT, 0, 11, 10.7922
HARRIS, SIFT, 0, 12, 2.56936
HARRIS, SIFT, 0, 13, 3.09207
HARRIS, SIFT, 0, 14, 6.36292
HARRIS, SIFT, 0, 15, 2.0536
HARRIS, SIFT, 0, 16, 3.73644
HARRIS, SIFT, 0, 17, 0.62817
HARRIS, SIFT, 0, 18, 0.557378
HARRIS, SIFT, 0, 19, 0.505403
HARRIS, SIFT, 2, 2, 1.15003
HARRIS, SIFT, 2, 3, 0.278346
HARRIS, SIFT, 2, 4, 0.250439
HARRIS, SIFT, 2, 5, 0.0321008
HARRIS, SIFT, 2, 6, 0.151311
HARRIS, SIFT, 2, 7, 1.0672
HARRIS, SIFT, 1, 2, 0.00919832
HARRIS, SIFT, 1, 3, 0.103998
HARRIS, SIFT, 1, 4, 0.148452
HARRIS, SIFT, 1, 5, 0.109648
HARRIS, SIFT, 1, 6, 0.165318
HARRIS, SIFT, 1, 7, 6.14211
HARRIS, SIFT, 1, 8, 0.207181
HARRIS, SIFT, 1, 9, 0.0349429
HARRIS, SIFT, 1, 10, 0.0471182
HARRIS, SIFT, 1, 11, 0.200201
HARRIS, SIFT, 3, 2, 1.96545
FAST, BRIEF, 13, 19, 0.109621
FAST, BRIEF, 12, 19, 0.00599275
FAST, BRIEF, 11, 16, 0.109445
FAST, BRIEF, 11, 17, 0.509538
FAST, BRIEF, 10, 14, 0.168662
FAST, BRIEF, 9, 7, 0.585781
FAST, BRIEF, 9, 8, 0.0930982
FAST, BRIEF, 8, 5, 0.082633
FAST, BRIEF, 8, 6, 0.237416
FAST, BRIEF, 8, 7, 0.0588609
FAST, BRIEF, 8, 8, 0.265821
FAST, BRIEF, 8, 9, 0.0351887
FAST, BRIEF, 8, 10, 0.151782
FAST, BRIEF, 8, 11, 0.113713
FAST, BRIEF, 8, 12, 0.178635
FAST, BRIEF, 8, 13, 0.00710538
FAST, BRIEF, 8, 14, 0.0984672
FAST, BRIEF, 8, 15, 0.166134
FAST, BRIEF, 8, 16, 0.118138
FAST, BRIEF, 7, 5, 0.242744
FAST, BRIEF, 7, 6, 0.0393089
FAST, BRIEF, 7, 7, 0.531254
FAST, BRIEF, 7, 8, 0.0248849
FAST, BRIEF, 7, 9, 0.0990378
FAST, BRIEF, 7, 10, 7.33227
FAST, BRIEF, 7, 11, 0.241809
FAST, BRIEF, 7, 12, 0.0198846
FAST, BRIEF, 7, 13, 0.0779536
FAST, BRIEF, 7, 14, 0.593764
FAST, BRIEF, 7, 15, 0.577969
FAST, BRIEF, 7, 16, 0.0551947
FAST, BRIEF, 7, 17, 0.169533
FAST, BRIEF, 7, 18, 0.472322
FAST, BRIEF, 7, 19, 0.0580557
FAST, BRIEF, 5, 3, 0.313479
FAST, BRIEF, 5, 4, 0.073958
FAST, BRIEF, 5, 5, 0.0455185
FAST, BRIEF, 5, 6, 0.0639531
FAST, BRIEF, 5, 7, 0.0585218
FAST, BRIEF, 5, 8, 0.0159309
FAST, BRIEF, 5, 9, 0.0819896
FAST, BRIEF, 5, 10, 0.185171
FAST, BRIEF, 5, 11, 0.00938977
FAST, BRIEF, 5, 12, 0.124115
FAST, BRIEF, 5, 13, 0.013248
FAST, BRIEF, 5, 14, 0.575629
FAST, BRIEF, 5, 15, 0.0821353
FAST, BRIEF, 5, 16, 0.181078
FAST, BRIEF, 5, 17, 0.156953
FAST, BRIEF, 5, 18, 0.0222151
FAST, BRIEF, 5, 19, 0.126656
FAST, BRIEF, 6, 3, 0.325743
FAST, BRIEF, 0, 2, 19.1481
FAST, BRIEF, 0, 3, 6.27901
FAST, BRIEF, 0, 4, 3.42544
FAST, BRIEF, 0, 5, 2.99292
FAST, BRIEF, 0, 6, 5.491
FAST, BRIEF, 0, 7, 13.8967
FAST, BRIEF, 0, 8, 18.722
FAST, BRIEF, 0, 9, 3.23147
FAST, BRIEF, 0, 10, 3.4436
FAST, BRIEF, 0, 11, 10.7922
FAST, BRIEF, 0, 12, 2.56936
FAST, BRIEF, 0, 13, 3.09207
FAST, BRIEF, 0, 14, 6.36292
FAST, BRIEF, 0, 15, 2.0536
FAST, BRIEF, 0, 16, 3.73644
FAST, BRIEF, 0, 17, 0.62817
FAST, BRIEF, 0, 18, 0.557378
FAST, BRIEF, 0, 19, 0.505403
FAST, BRIEF, 2, 2, 1.15003
FAST, BRIEF, 2, 3, 0.278346
FAST, BRIEF, 2, 4, 0.250439
FAST, BRIEF, 2, 5, 0.0321008
FAST, BRIEF, 2, 6, 0.151311
FAST, BRIEF, 2, 7, 1.0672
FAST, BRIEF, 2, 8, 0.0548447
FAST, BRIEF, 2, 9, 0.115788
FAST, BRIEF, 2, 10, 0.522878
FAST, BRIEF, 2, 11, 0.262431
FAST, BRIEF, 2, 12, 0.377076
FAST, BRIEF, 2, 13, 0.166226
FAST, BRIEF, 2, 14, 0.199098
FAST, BRIEF, 2, 15, 0.571074
FAST, BRIEF, 2, 16, 0.195867
FAST, BRIEF, 2, 17, 0.149869
FAST, BRIEF, 2, 18, 0.173375
FAST, BRIEF, 2, 19, 0.714981
FAST, BRIEF, 1, 2, 0.00919832
FAST, BRIEF, 1, 3, 0.103998
FAST, BRIEF, 1, 4, 0.148452
FAST, BRIEF, 1, 5, 0.109648
FAST, BRIEF, 1, 6, 0.165318
FAST, BRIEF, 1, 7, 6.14211
FAST, BRIEF, 1, 8, 0.207181
FAST, BRIEF, 1, 9, 0.0349429
FAST, BRIEF, 1, 10, 0.0471182
FAST, BRIEF, 1, 11, 0.200201
FAST, BRIEF, 4, 2, 0.0593637
FAST, BRIEF, 4, 3, 0.171903
FAST, BRIEF, 4, 4, 0.28339
FAST, BRIEF, 4, 5, 3.62483
FAST, BRIEF, 4, 6, 3.16097
FAST, BRIEF, 4, 7, 1.35317
FAST, BRIEF, 4, 8, 0.768196
FAST, BRIEF, 4, 9, 0.544369
FAST, BRIEF, 4, 10, 0.538505
FAST, BRIEF, 4, 11, 0.935346
FAST, BRIEF, 4, 12, 0.364363
FAST, BRIEF, 4, 13, 0.465589
FAST, BRIEF, 4, 14, 0.574024
FAST, BRIEF, 4, 15, 0.545368
FAST, BRIEF, 4, 16, 0.256404
FAST, BRIEF, 4, 17, 0.973028
FAST, BRIEF, 4, 18, 2.29633
FAST, BRIEF, 4, 19, 0.706892
FAST, BRIEF, 3, 2, 1.96545
FAST, BRIEF, 3, 3, 1.17099
FAST, BRIEF, 3, 4, 0.902319
FAST, BRIEF, 3, 5, 0.938878
FAST, BRIEF, 3, 6, 1.71903
FAST, BRIEF, 3, 7, 4.36438
FAST, BRIEF, 3, 8, 0.908683
FAST, BRIEF, 3, 9, 1.94901
FAST, BRIEF, 3, 10, 4.68645
FAST, BRIEF, 3, 11, 2.27198
FAST, BRIEF, 3, 12, 1.65319
FAST, BRIEF, 3, 13, 10.3554
FAST, BRIEF, 3, 14, 2.5055
FAST, BRIEF, 3, 15, 1.2362
FAST, BRIEF, 3, 16, 11.6607
FAST, BRIEF, 3, 17, 0.638679
FAST, BRIEF, 3, 18, 0.518329
FAST, BRIEF, 3, 19, 1.42541
FAST, ORB, 13, 19, 0.109621
FAST, ORB, 12, 19, 0.00599275
FAST, ORB, 11, 16, 0.109445
FAST, ORB, 11, 17, 0.509538
FAST, ORB, 10, 14, 0.168662
FAST, ORB, 9, 7, 0.585781
FAST, ORB, 8, 5, 0.082633
FAST, ORB, 8, 6, 0.237416
FAST, ORB, 8, 7, 0.0588609
FAST, ORB, 8, 8, 0.265821
FAST, ORB, 8, 9, 0.0351887
FAST, ORB, 8, 10, 0.151782
FAST, ORB, 8, 11, 0.113713
FAST, ORB, 8, 12, 0.178635
FAST, ORB, 8, 13, 0.00710538
FAST, ORB, 8, 14, 0.0984672
FAST, ORB, 8, 15, 0.166134
FAST, ORB, 8, 16, 0.118138
FAST, ORB, 7, 5, 0.242744
FAST, ORB, 7, 6, 0.0393089
FAST, ORB, 7, 7, 0.531254
FAST, ORB, 7, 8, 0.0248849
FAST, ORB, 7, 9, 0.0990378
FAST, ORB, 7, 10, 7.33227
FAST, ORB, 7, 11, 0.241809
FAST, ORB, 7, 12, 0.0198846
FAST, ORB, 7, 13, 0.0779536
FAST, ORB, 7, 14, 0.593764
FAST, ORB, 7, 15, 0.577969
FAST, ORB, 7, 16, 0.0551947
FAST, ORB, 7, 17, 0.169533
FAST, ORB, 7, 18, 0.472322
FAST, ORB, 7, 19, 0.0580557
FAST, ORB, 5, 3, 0.313479
FAST, ORB, 5, 4, 0.073958
FAST, ORB, 5, 5, 0.0455185
FAST, ORB, 5, 6, 0.0639531
FAST, ORB, 5, 7, 0.0585218
FAST, ORB, 5, 8, 0.0159309
FAST, ORB, 5, 9, 0.0819896
FAST, ORB, 5, 10, 0.185171
FAST, ORB, 5, 11, 0.00938977
FAST, ORB, 5, 12, 0.124115
FAST, ORB, 5, 13, 0.013248
FAST, ORB, 5, 14, 0.575629
FAST, ORB, 5, 15, 0.0821353
FAST, ORB, 5, 16, 0.181078
FAST, ORB, 5, 17, 0.156953
FAST, ORB, 5, 18, 0.0222151
FAST, ORB, 5, 19, 0.126656
FAST, ORB, 6, 3, 0.325743
FAST, ORB, 0, 2, 19.1481
FAST, ORB, 0, 3, 6.27901
FAST, ORB, 0, 4, 3.42544
FAST, ORB, 0, 5, 2.99292
FAST, ORB, 0, 6, 5.491
FAST, ORB, 0, 7, 13.8967
FAST, ORB, 0, 8, 18.722
FAST, ORB, 0, 9, 3.23147
FAST, ORB, 0, 10, 3.4436
FAST, ORB, 0, 11, 10.7922
FAST, ORB, 0, 12, 2.56936
FAST, ORB, 0, 13, 3.09207
FAST, ORB, 0, 14, 6.36292
FAST, ORB, 0, 15, 2.0536
FAST, ORB, 0, 16, 3.73644
FAST, ORB, 0, 17, 0.62817
FAST, ORB, 0, 18, 0.557378
FAST, ORB, 0, 19, 0.505403
FAST, ORB, 2, 2, 1.15003
FAST, ORB, 2, 3, 0.278346
FAST, ORB, 2, 4, 0.250439
FAST, ORB, 2, 5, 0.0321008
FAST, ORB, 2, 6, 0.151311
FAST, ORB, 2, 7, 1.0672
FAST, ORB, 2, 8, 0.0548447
FAST, ORB, 2, 9, 0.115788
FAST, ORB, 2, 10, 0.522878
FAST, ORB, 2, 11, 0.262431
FAST, ORB, 2, 12, 0.377076
FAST, ORB, 2, 13, 0.166226
FAST, ORB, 2, 14, 0.199098
FAST, ORB, 2, 15, 0.571074
FAST, ORB, 2, 16, 0.195867
FAST, ORB, 2, 17, 0.149869
FAST, ORB, 2, 18, 0.173375
FAST, ORB, 2, 19, 0.714981
FAST, ORB, 1, 2, 0.00919832
FAST, ORB, 1, 3, 0.103998
FAST, ORB, 1, 4, 0.148452
FAST, ORB, 1, 5, 0.109648
FAST, ORB, 1, 6, 0.165318
FAST, ORB, 1, 7, 6.14211
FAST, ORB, 1, 8, 0.207181
FAST, ORB, 1, 9, 0.0349429
FAST, ORB, 1, 10, 0.0471182
FAST, ORB, 1, 11, 0.200201
FAST, ORB, 4, 2, 0.0593637
FAST, ORB, 4, 3, 0.171903
FAST, ORB, 4, 4, 0.28339
FAST, ORB, 4, 5, 3.62483
FAST, ORB, 4, 6, 3.16097
FAST, ORB, 4, 7, 1.35317
FAST, ORB, 4, 8, 0.768196
FAST, ORB, 4, 9, 0.544369
FAST, ORB, 4, 10, 0.538505
FAST, ORB, 4, 11, 0.935346
FAST, ORB, 4, 12, 0.364363
FAST, ORB, 4, 13, 0.465589
FAST, ORB, 4, 14, 0.574024
FAST, ORB, 4, 15, 0.545368
FAST, ORB, 4, 16, 0.256404
FAST, ORB, 4, 17, 0.973028
FAST, ORB, 4, 18, 2.29633
FAST, ORB, 4, 19, 0.706892
FAST, ORB, 3, 2, 1.96545
FAST, ORB, 3, 3, 1.17099
FAST, ORB, 3, 4, 0.902319
FAST, ORB, 3, 5, 0.938878
FAST, ORB, 3, 6, 1.71903
FAST, ORB, 3, 7, 4.36438
FAST, ORB, 3, 8, 0.908683
FAST, ORB, 3, 9, 1.94901
FAST, ORB, 3, 10, 4.68645
FAST, ORB, 3, 11, 2.27198
FAST, ORB, 3, 12, 1.65319
FAST, ORB, 3, 13, 10.3554
FAST, ORB, 3, 14, 2.5055
FAST, ORB, 3, 15, 1.2362
FAST, ORB, 3, 16, 11.6607
FAST, ORB, 3, 17, 0.638679
FAST, ORB, 3, 18, 0.518329
FAST, ORB, 3, 19, 1.42541
FAST, FREAK, 13, 19, 0.109621
FAST, FREAK, 12, 19, 0.00599275
FAST, FREAK, 11, 16, 0.109445
FAST, FREAK, 11, 17, 0.509538
FAST, FREAK, 10, 14, 0.168662
FAST, FREAK, 9, 7, 0.585781
FAST, FREAK, 8, 5, 0.082633
FAST, FREAK, 8, 6, 0.237416
FAST, FREAK, 8, 7, 0.0588609
FAST, FREAK, 8, 8, 0.265821
FAST, FREAK, 8, 9, 0.0351887
FAST, FREAK, 8, 10, 0.151782
FAST, FREAK, 8, 11, 0.113713
FAST, FREAK, 8, 12, 0.178635
FAST, FREAK, 8, 13, 0.00710538
FAST, FREAK, 8, 14, 0.0984672
FAST, FREAK, 8, 15, 0.166134
FAST, FREAK, 8, 16, 0.118138
FAST, FREAK, 7, 5, 0.242744
FAST, FREAK, 7, 6, 0.0393089
FAST, FREAK, 7, 7, 0.531254
FAST, FREAK, 7, 8, 0.0248849
FAST, FREAK, 7, 9, 0.0990378
FAST, FREAK, 7, 10, 7.33227
FAST, FREAK, 7, 11, 0.241809
FAST, FREAK, 7, 12, 0.0198846
FAST, FREAK, 7, 13, 0.0779536
FAST, FREAK, 7, 14, 0.593764
FAST, FREAK, 7, 15, 0.577969
FAST, FREAK, 7, 16, 0.0551947
FAST, FREAK, 7, 17, 0.169533
FAST, FREAK, 7, 18, 0.472322
FAST, FREAK, 7, 19, 0.0580557
FAST, FREAK, 5, 3, 0.313479
FAST, FREAK, 5, 4, 0.073958
FAST, FREAK, 5, 5, 0.0455185
FAST, FREAK, 5, 6, 0.0639531
FAST, FREAK, 5, 7, 0.0585218
FAST, FREAK, 5, 8, 0.0159309
FAST, FREAK, 5, 9, 0.0819896
FAST, FREAK, 5, 10, 0.185171
FAST, FREAK, 5, 11, 0.00938977
FAST, FREAK, 5, 12, 0.124115
FAST, FREAK, 5, 13, 0.013248
FAST, FREAK, 5, 14, 0.575629
FAST, FREAK, 5, 15, 0.0821353
FAST, FREAK, 5, 16, 0.181078
FAST, FREAK, 5, 17, 0.156953
FAST, FREAK, 5, 18, 0.0222151
FAST, FREAK, 5, 19, 0.126656
FAST, FREAK, 6, 3, 0.325743
FAST, FREAK, 0, 2, 19.1481
FAST, FREAK, 0, 3, 6.27901
FAST, FREAK, 0, 4, 3.42544
FAST, FREAK, 0, 5, 2.99292
FAST, FREAK, 0, 6, 5.491
FAST, FREAK, 0, 7, 13.8967
FAST, FREAK, 0, 8, 18.722
FAST, FREAK, 0, 9, 3.23147
FAST, FREAK, 0, 10, 3.4436
FAST, FREAK, 0, 11, 10.7922
FAST, FREAK, 0, 12, 2.56936
FAST, FREAK, 0, 13, 3.09207
FAST, FREAK, 0, 14, 6.36292
FAST, FREAK, 0, 15, 2.0536
FAST, FREAK, 0, 16, 3.73644
FAST, FREAK, 0, 17, 0.62817
FAST, FREAK, 0, 18, 0.557378
FAST, FREAK, 0, 19, 0.505403
FAST, FREAK, 2, 2, 1.15003
FAST, FREAK, 2, 3, 0.278346
FAST, FREAK, 2, 4, 0.250439
FAST, FREAK, 2, 5, 0.0321008
FAST, FREAK, 2, 6, 0.151311
FAST, FREAK, 2, 7, 1.0672
FAST, FREAK, 2, 8, 0.0548447
FAST, FREAK, 2, 9, 0.115788
FAST, FREAK, 2, 10, 0.522878
FAST, FREAK, 2, 11, 0.262431
FAST, FREAK, 2, 12, 0.377076
FAST, FREAK, 2, 13, 0.166226
FAST, FREAK, 2, 14, 0.199098
FAST, FREAK, 2, 15, 0.571074
FAST, FREAK, 2, 16, 0.195867
FAST, FREAK, 2, 17, 0.149869
FAST, FREAK, 2, 18, 0.173375
FAST, FREAK, 2, 19, 0.714981
FAST, FREAK, 1, 2, 0.00919832
FAST, FREAK, 1, 3, 0.103998
FAST, FREAK, 1, 4, 0.148452
FAST, FREAK, 1, 5, 0.109648
FAST, FREAK, 1, 6, 0.165318
FAST, FREAK, 1, 7, 6.14211
FAST, FREAK, 1, 8, 0.207181
FAST, FREAK, 1, 9, 0.0349429
FAST, FREAK, 1, 10, 0.0471182
FAST, FREAK, 1, 11, 0.200201
FAST, FREAK, 4, 2, 0.0593637
FAST, FREAK, 4, 3, 0.171903
FAST, FREAK, 4, 4, 0.28339
FAST, FREAK, 4, 5, 3.62483
FAST, FREAK, 4, 6, 3.16097
FAST, FREAK, 4, 7, 1.35317
FAST, FREAK, 4, 8, 0.768196
FAST, FREAK, 4, 9, 0.544369
FAST, FREAK, 4, 10, 0.538505
FAST, FREAK, 4, 11, 0.935346
FAST, FREAK, 4, 12, 0.364363
FAST, FREAK, 4, 13, 0.465589
FAST, FREAK, 4, 14, 0.574024
FAST, FREAK, 4, 15, 0.545368
FAST, FREAK, 4, 16, 0.256404
FAST, FREAK, 4, 17, 0.973028
FAST, FREAK, 4, 18, 2.29633
FAST, FREAK, 4, 19, 0.706892
FAST, FREAK, 3, 2, 1.96545
FAST, FREAK, 3, 3, 1.17099
FAST, FREAK, 3, 4, 0.902319
FAST, FREAK, 3, 5, 0.938878
FAST, FREAK, 3, 6, 1.71903
FAST, FREAK, 3, 7, 4.36438
FAST, FREAK, 3, 8, 0.908683
FAST, FREAK, 3, 9, 1.94901
FAST, FREAK, 3, 10, 4.68645
FAST, FREAK, 3, 11, 2.27198
FAST, FREAK, 3, 12, 1.65319
FAST, FREAK, 3, 13, 10.3554
FAST, FREAK, 3, 14, 2.5055
FAST, FREAK, 3, 15, 1.2362
FAST, FREAK, 3, 16, 11.6607
FAST, FREAK, 3, 17, 0.638679
FAST, FREAK, 3, 18, 0.518329
FAST, FREAK, 3, 19, 1.42541
FAST, SIFT, 16, 19, 0.109621
FAST, SIFT, 18, 19, 0.00599275
FAST, SIFT, 17, 19, 0.126656
FAST, SIFT, 15, 16, 0.109445
FAST, SIFT, 15, 17, 0.509538
FAST, SIFT, 14, 14, 0.168662
FAST, SIFT, 13, 13, 0.00710538
FAST, SIFT, 13, 14, 0.0984672
FAST, SIFT, 13, 15, 0.166134
FAST, SIFT, 13, 16, 0.118138
FAST, SIFT, 11, 11, 0.0188946
FAST, SIFT, 11, 12, 0.124115
FAST, SIFT, 11, 13, 0.013248
FAST, SIFT, 11, 14, 0.575629
FAST, SIFT, 11, 15, 0.0821353
FAST, SIFT, 11, 16, 0.181078
FAST, SIFT, 11, 17, 0.156953
FAST, SIFT, 12, 11, 0.241809
FAST, SIFT, 12, 12, 0.0198846
FAST, SIFT, 12, 13, 0.0779536
FAST, SIFT, 12, 14, 0.593764
FAST, SIFT, 12, 15, 0.577969
FAST, SIFT, 12, 16, 0.0551947
FAST, SIFT, 12, 17, 0.169533
FAST, SIFT, 12, 18, 0.472322
FAST, SIFT, 10, 10, 0.538505
FAST, SIFT, 10, 11, 0.935346
FAST, SIFT, 10, 12, 0.364363
FAST, SIFT, 10, 13, 0.465589
FAST, SIFT, 10, 14, 0.574024
FAST, SIFT, 10, 15, 0.545368
FAST, SIFT, 10, 16, 0.256404
FAST, SIFT, 10, 17, 0.973028
FAST, SIFT, 10, 18, 2.29633
FAST, SIFT, 10, 19, 0.706892
FAST, SIFT, 9, 8, 0.0248849
FAST, SIFT, 8, 7, 1.35317
FAST, SIFT, 7, 6, 0.151311
FAST, SIFT, 7, 7, 1.0672
FAST, SIFT, 7, 8, 0.0548447
FAST, SIFT, 7, 9, 0.115788
FAST, SIFT, 7, 10, 0.522878
FAST, SIFT, 7, 11, 0.262431
FAST, SIFT, 7, 12, 0.377076
FAST, SIFT, 7, 13, 0.166226
FAST, SIFT, 7, 14, 0.199098
FAST, SIFT, 7, 15, 0.571074
FAST, SIFT, 7, 16, 0.195867
FAST, SIFT, 7, 17, 0.149869
FAST, SIFT, 7, 18, 0.173375
FAST, SIFT, 7, 19, 0.714981
FAST, SIFT, 6, 5, 0.082633
FAST, SIFT, 6, 6, 0.237416
FAST, SIFT, 6, 7, 0.0588609
FAST, SIFT, 6, 8, 0.265821
FAST, SIFT, 6, 9, 0.0351887
FAST, SIFT, 6, 10, 0.151782
FAST, SIFT, 5, 5, 0.0455185
FAST, SIFT, 5, 6, 0.0639531
FAST, SIFT, 5, 7, 0.0585218
FAST, SIFT, 5, 8, 0.0159309
FAST, SIFT, 5, 9, 0.0819896
FAST, SIFT, 5, 10, 0.185171
FAST, SIFT, 4, 4, 0.250439
FAST, SIFT, 2, 3, 0.313479
FAST, SIFT, 3, 3, 0.325743
FAST, SIFT, 0, 2, 19.1481
FAST, SIFT, 0, 3, 6.27901
FAST, SIFT, 0, 4, 3.42544
FAST, SIFT, 0, 5, 2.99292
FAST, SIFT, 0, 6, 5.491
FAST, SIFT, 0, 7, 13.8967
FAST, SIFT, 0, 8, 18.722
FAST, SIFT, 0, 9, 3.23147
FAST, SIFT, 0, 10, 3.4436
FAST, SIFT, 0, 11, 10.7922
FAST, SIFT, 0, 12, 2.56936
FAST, SIFT, 0, 13, 3.09207
FAST, SIFT, 0, 14, 6.36292
FAST, SIFT, 0, 15, 2.0536
FAST, SIFT, 0, 16, 3.73644
FAST, SIFT, 0, 17, 0.62817
FAST, SIFT, 0, 18, 0.557378
FAST, SIFT, 0, 19, 0.505403
FAST, SIFT, 1, 2, 0.00919832
FAST, SIFT, 1, 3, 0.103998
FAST, SIFT, 1, 4, 0.148452
FAST, SIFT, 1, 5, 0.109648
FAST, SIFT, 1, 6, 0.165318
FAST, SIFT, 1, 7, 6.14211
FAST, SIFT, 1, 8, 0.207181
FAST, SIFT, 1, 9, 0.0349429
FAST, SIFT, 1, 10, 0.0471182
FAST, SIFT, 1, 11, 0.200201
BRISK, BRIEF, 13, 19, 0.109621
BRISK, BRIEF, 12, 19, 0.00599275
BRISK, BRIEF, 11, 16, 0.109445
BRISK, BRIEF, 11, 17, 0.509538
BRISK, BRIEF, 10, 14, 0.168662
BRISK, BRIEF, 9, 13, 0.00710538
BRISK, BRIEF, 9, 14, 0.0984672
BRISK, BRIEF, 9, 15, 0.166134
BRISK, BRIEF, 9, 16, 0.118138
BRISK, BRIEF, 8, 5, 0.082633
BRISK, BRIEF, 8, 6, 0.237416
BRISK, BRIEF, 8, 7, 0.0588609
BRISK, BRIEF, 8, 8, 0.265821
BRISK, BRIEF, 8, 9, 0.0351887
BRISK, BRIEF, 8, 10, 0.151782
BRISK, BRIEF, 7, 5, 0.242744
BRISK, BRIEF, 7, 6, 0.0393089
BRISK, BRIEF, 7, 7, 0.531254
BRISK, BRIEF, 7, 8, 0.0248849
BRISK, BRIEF, 7, 9, 0.0990378
BRISK, BRIEF, 7, 10, 7.33227
BRISK, BRIEF, 7, 11, 0.241809
BRISK, BRIEF, 7, 12, 0.0198846
BRISK, BRIEF, 7, 13, 0.0779536
BRISK, BRIEF, 7, 14, 0.593764
BRISK, BRIEF, 7, 15, 0.577969
BRISK, BRIEF, 7, 16, 0.0551947
BRISK, BRIEF, 7, 17, 0.169533
BRISK, BRIEF, 7, 18, 0.472322
BRISK, BRIEF, 7, 19, 0.0580557
BRISK, BRIEF, 5, 3, 0.313479
BRISK, BRIEF, 5, 4, 0.073958
BRISK, BRIEF, 5, 5, 0.0455185
BRISK, BRIEF, 5, 6, 0.0639531
BRISK, BRIEF, 5, 7, 0.0585218
BRISK, BRIEF, 5, 8, 0.0159309
BRISK, BRIEF, 5, 9, 0.0819896
BRISK, BRIEF, 5, 10, 0.185171
BRISK, BRIEF, 5, 11, 0.00938977
BRISK, BRIEF, 5, 12, 0.124115
BRISK, BRIEF, 5, 13, 0.013248
BRISK, BRIEF, 5, 14, 0.575629
BRISK, BRIEF, 5, 15, 0.0821353
BRISK, BRIEF, 5, 16, 0.181078
BRISK, BRIEF, 5, 17, 0.156953
BRISK, BRIEF, 5, 18, 0.0222151
BRISK, BRIEF, 5, 19, 0.126656
BRISK, BRIEF, 6, 3, 0.325743
BRISK, BRIEF, 0, 2, 19.1481
BRISK, BRIEF, 0, 3, 6.27901
BRISK, BRIEF, 0, 4, 3.42544
BRISK, BRIEF, 0, 5, 2.99292
BRISK, BRIEF, 0, 6, 5.491
BRISK, BRIEF, 0, 7, 13.8967
BRISK, BRIEF, 0, 8, 18.722
BRISK, BRIEF, 0, 9, 3.23147
BRISK, BRIEF, 0, 10, 3.4436
BRISK, BRIEF, 0, 11, 10.7922
BRISK, BRIEF, 0, 12, 2.56936
BRISK, BRIEF, 0, 13, 3.09207
BRISK, BRIEF, 0, 14, 6.36292
BRISK, BRIEF, 0, 15, 2.0536
BRISK, BRIEF, 0, 16, 3.73644
BRISK, BRIEF, 0, 17, 0.62817
BRISK, BRIEF, 0, 18, 0.557378
BRISK, BRIEF, 0, 19, 0.505403
BRISK, BRIEF, 2, 2, 1.15003
BRISK, BRIEF, 2, 3, 0.278346
BRISK, BRIEF, 2, 4, 0.250439
BRISK, BRIEF, 2, 5, 0.0321008
BRISK, BRIEF, 2, 6, 0.151311
BRISK, BRIEF, 2, 7, 1.0672
BRISK, BRIEF, 2, 8, 0.0548447
BRISK, BRIEF, 2, 9, 0.115788
BRISK, BRIEF, 2, 10, 0.522878
BRISK, BRIEF, 2, 11, 0.262431
BRISK, BRIEF, 2, 12, 0.377076
BRISK, BRIEF, 2, 13, 0.166226
BRISK, BRIEF, 2, 14, 0.199098
BRISK, BRIEF, 2, 15, 0.571074
BRISK, BRIEF, 2, 16, 0.195867
BRISK, BRIEF, 2, 17, 0.149869
BRISK, BRIEF, 2, 18, 0.173375
BRISK, BRIEF, 2, 19, 0.714981
BRISK, BRIEF, 1, 2, 0.00919832
BRISK, BRIEF, 1, 3, 0.103998
BRISK, BRIEF, 1, 4, 0.148452
BRISK, BRIEF, 1, 5, 0.109648
BRISK, BRIEF, 1, 6, 0.165318
BRISK, BRIEF, 1, 7, 6.14211
BRISK, BRIEF, 1, 8, 0.207181
BRISK, BRIEF, 1, 9, 0.0349429
BRISK, BRIEF, 1, 10, 0.0471182
BRISK, BRIEF, 1, 11, 0.200201
BRISK, BRIEF, 4, 2, 0.0593637
BRISK, BRIEF, 4, 3, 0.171903
BRISK, BRIEF, 4, 4, 0.28339
BRISK, BRIEF, 4, 5, 3.62483
BRISK, BRIEF, 4, 6, 3.16097
BRISK, BRIEF, 4, 7, 1.35317
BRISK, BRIEF, 4, 8, 0.768196
BRISK, BRIEF, 4, 9, 0.544369
BRISK, BRIEF, 4, 10, 0.538505
BRISK, BRIEF, 4, 11, 0.935346
BRISK, BRIEF, 4, 12, 0.364363
BRISK, BRIEF, 4, 13, 0.465589
BRISK, BRIEF, 4, 14, 0.574024
BRISK, BRIEF, 4, 15, 0.545368
BRISK, BRIEF, 4, 16, 0.256404
BRISK, BRIEF, 4, 17, 0.973028
BRISK, BRIEF, 4, 18, 2.29633
BRISK, BRIEF, 4, 19, 0.706892
BRISK, BRIEF, 3, 2, 1.96545
BRISK, BRIEF, 3, 3, 1.17099
BRISK, BRIEF, 3, 4, 0.902319
BRISK, BRIEF, 3, 5, 0.938878
BRISK, BRIEF, 3, 6, 1.71903
BRISK, BRIEF, 3, 7, 4.36438
BRISK, BRIEF, 3, 8, 0.908683
BRISK, BRIEF, 3, 9, 1.94901
BRISK, BRIEF, 3, 10, 4.68645
BRISK, BRIEF, 3, 11, 2.27198
BRISK, BRIEF, 3, 12, 1.65319
BRISK, BRIEF, 3, 13, 10.3554
BRISK, BRIEF, 3, 14, 2.5055
BRISK, BRIEF, 3, 15, 1.2362
BRISK, BRIEF, 3, 16, 11.6607
BRISK, BRIEF, 3, 17, 0.638679
BRISK, BRIEF, 3, 18, 0.518329
BRISK, BRIEF, 3, 19, 1.42541
BRISK, ORB, 13, 19, 0.109621
BRISK, ORB, 12, 19, 0.00599275
BRISK, ORB, 11, 16, 0.109445
BRISK, ORB, 11, 17, 0.509538
BRISK, ORB, 10, 14, 0.168662
BRISK, ORB, 9, 6, 0.101147
BRISK, ORB, 9, 7, 0.585781
BRISK, ORB, 9, 8, 0.0930982
BRISK, ORB, 7, 5, 0.082633
BRISK, ORB, 7, 6, 0.237416
BRISK, ORB, 7, 7, 0.0588609
BRISK, ORB, 7, 8, 0.265821
BRISK, ORB, 7, 9, 0.0351887
BRISK, ORB, 7, 10, 0.151782
BRISK, ORB, 7, 11, 0.113713
BRISK, ORB, 7, 12, 0.178635
BRISK, ORB, 7, 13, 0.00710538
BRISK, ORB, 7, 14, 0.0984672
BRISK, ORB, 7, 15, 0.166134
BRISK, ORB, 7, 16, 0.118138
BRISK, ORB, 8, 5, 0.242744
BRISK, ORB, 8, 6, 0.0393089
BRISK, ORB, 8, 7, 0.531254
BRISK, ORB, 8, 8, 0.0248849
BRISK, ORB, 8, 9, 0.0990378
BRISK, ORB, 8, 10, 7.33227
BRISK, ORB, 8, 11, 0.241809
BRISK, ORB, 8, 12, 0.0198846
BRISK, ORB, 8, 13, 0.0779536
BRISK, ORB, 8, 14, 0.593764
BRISK, ORB, 8, 15, 0.577969
BRISK, ORB, 8, 16, 0.0551947
BRISK, ORB, 8, 17, 0.169533
BRISK, ORB, 8, 18, 0.472322
BRISK, ORB, 8, 19, 0.0580557
BRISK, ORB, 5, 3, 0.313479
BRISK, ORB, 5, 4, 0.073958
BRISK, ORB, 5, 5, 0.0455185
BRISK, ORB, 5, 6, 0.0639531
BRISK, ORB, 5, 7, 0.0585218
BRISK, ORB, 5, 8, 0.0159309
BRISK, ORB, 5, 9, 0.0819896
BRISK, ORB, 5, 10, 0.185171
BRISK, ORB, 5, 11, 0.00938977
BRISK, ORB, 5, 12, 0.124115
BRISK, ORB, 5, 13, 0.013248
BRISK, ORB, 5, 14, 0.575629
BRISK, ORB, 5, 15, 0.0821353
BRISK, ORB, 5, 16, 0.181078
BRISK, ORB, 5, 17, 0.156953
BRISK, ORB, 5, 18, 0.0222151
BRISK, ORB, 5, 19, 0.126656
BRISK, ORB, 6, 3, 0.325743
BRISK, ORB, 0, 2, 19.1481
BRISK, ORB, 0, 3, 6.27901
BRISK, ORB, 0, 4, 3.42544
BRISK, ORB, 0, 5, 2.99292
BRISK, ORB, 0, 6, 5.491
BRISK, ORB, 0, 7, 13.8967
BRISK, ORB, 0, 8, 18.722
BRISK, ORB, 0, 9, 3.23147
BRISK, ORB, 0, 10, 3.4436
BRISK, ORB, 0, 11, 10.7922
BRISK, ORB, 0, 12, 2.56936
BRISK, ORB, 0, 13, 3.09207
BRISK, ORB, 0, 14, 6.36292
BRISK, ORB, 0, 15, 2.0536
BRISK, ORB, 0, 16, 3.73644
BRISK, ORB, 0, 17, 0.62817
BRISK, ORB, 0, 18, 0.557378
BRISK, ORB, 0, 19, 0.505403
BRISK, ORB, 2, 2, 1.15003
BRISK, ORB, 2, 3, 0.278346
BRISK, ORB, 2, 4, 0.250439
BRISK, ORB, 2, 5, 0.0321008
BRISK, ORB, 2, 6, 0.151311
BRISK, ORB, 2, 7, 1.0672
BRISK, ORB, 2, 8, 0.0548447
BRISK, ORB, 2, 9, 0.115788
BRISK, ORB, 2, 10, 0.522878
BRISK, ORB, 2, 11, 0.262431
BRISK, ORB, 2, 12, 0.377076
BRISK, ORB, 2, 13, 0.166226
BRISK, ORB, 2, 14, 0.199098
BRISK, ORB, 2, 15, 0.571074
BRISK, ORB, 2, 16, 0.195867
BRISK, ORB, 2, 17, 0.149869
BRISK, ORB, 2, 18, 0.173375
BRISK, ORB, 2, 19, 0.714981
BRISK, ORB, 1, 2, 0.00919832
BRISK, ORB, 1, 3, 0.103998
BRISK, ORB, 1, 4, 0.148452
BRISK, ORB, 1, 5, 0.109648
BRISK, ORB, 1, 6, 0.165318
BRISK, ORB, 1, 7, 6.14211
BRISK, ORB, 1, 8, 0.207181
BRISK, ORB, 1, 9, 0.0349429
BRISK, ORB, 1, 10, 0.0471182
BRISK, ORB, 1, 11, 0.200201
BRISK, ORB, 4, 2, 0.0593637
BRISK, ORB, 4, 3, 0.171903
BRISK, ORB, 4, 4, 0.28339
BRISK, ORB, 4, 5, 3.62483
BRISK, ORB, 4, 6, 3.16097
BRISK, ORB, 4, 7, 1.35317
BRISK, ORB, 4, 8, 0.768196
BRISK, ORB, 4, 9, 0.544369
BRISK, ORB, 4, 10, 0.538505
BRISK, ORB, 4, 11, 0.935346
BRISK, ORB, 4, 12, 0.364363
BRISK, ORB, 4, 13, 0.465589
BRISK, ORB, 4, 14, 0.574024
BRISK, ORB, 4, 15, 0.545368
BRISK, ORB, 4, 16, 0.256404
BRISK, ORB, 4, 17, 0.973028
BRISK, ORB, 4, 18, 2.29633
BRISK, ORB, 4, 19, 0.706892
BRISK, ORB, 3, 2, 1.96545
BRISK, ORB, 3, 3, 1.17099
BRISK, ORB, 3, 4, 0.902319
BRISK, ORB, 3, 5, 0.938878
BRISK, ORB, 3, 6, 1.71903
BRISK, ORB, 3, 7, 4.36438
BRISK, ORB, 3, 8, 0.908683
BRISK, ORB, 3, 9, 1.94901
BRISK, ORB, 3, 10, 4.68645
BRISK, ORB, 3, 11, 2.27198
BRISK, ORB, 3, 12, 1.65319
BRISK, ORB, 3, 13, 10.3554
BRISK, ORB, 3, 14, 2.5055
BRISK, ORB, 3, 15, 1.2362
BRISK, ORB, 3, 16, 11.6607
BRISK, ORB, 3, 17, 0.638679
BRISK, ORB, 3, 18, 0.518329
BRISK, ORB, 3, 19, 1.42541
BRISK, FREAK, 14, 19, 0.109621
BRISK, FREAK, 15, 19, 0.00599275
BRISK, FREAK, 13, 16, 0.109445
BRISK, FREAK, 13, 17, 0.509538
BRISK, FREAK, 12, 14, 0.168662
BRISK, FREAK, 11, 13, 0.00710538
BRISK, FREAK, 11, 14, 0.0984672
BRISK, FREAK, 11, 15, 0.166134
BRISK, FREAK, 11, 16, 0.118138
BRISK, FREAK, 10, 11, 0.0188946
BRISK, FREAK, 10, 12, 0.124115
BRISK, FREAK, 10, 13, 0.013248
BRISK, FREAK, 10, 14, 0.575629
BRISK, FREAK, 10, 15, 0.0821353
BRISK, FREAK, 10, 16, 0.181078
BRISK, FREAK, 10, 17, 0.156953
BRISK, FREAK, 10, 18, 0.0222151
BRISK, FREAK, 10, 19, 0.126656
BRISK, FREAK, 9, 6, 0.101147
BRISK, FREAK, 9, 7, 0.585781
BRISK, FREAK, 9, 8, 0.0930982
BRISK, FREAK, 8, 5, 0.082633
BRISK, FREAK, 8, 6, 0.237416
BRISK, FREAK, 8, 7, 0.0588609
BRISK, FREAK, 8, 8, 0.265821
BRISK, FREAK, 8, 9, 0.0351887
BRISK, FREAK, 8, 10, 0.151782
BRISK, FREAK, 8, 11, 0.113713
BRISK, FREAK, 7, 5, 0.242744
BRISK, FREAK, 7, 6, 0.0393089
BRISK, FREAK, 7, 7, 0.531254
BRISK, FREAK, 7, 8, 0.0248849
BRISK, FREAK, 7, 9, 0.0990378
BRISK, FREAK, 7, 10, 7.33227
BRISK, FREAK, 7, 11, 0.241809
BRISK, FREAK, 7, 12, 0.0198846
BRISK, FREAK, 7, 13, 0.0779536
BRISK, FREAK, 7, 14, 0.593764
BRISK, FREAK, 7, 15, 0.577969
BRISK, FREAK, 7, 16, 0.0551947
BRISK, FREAK, 7, 17, 0.169533
BRISK, FREAK, 7, 18, 0.472322
BRISK, FREAK, 7, 19, 0.0580557
BRISK, FREAK, 5, 3, 0.313479
BRISK, FREAK, 5, 4, 0.073958
BRISK, FREAK, 5, 5, 0.0455185
BRISK, FREAK, 5, 6, 0.0639531
BRISK, FREAK, 5, 7, 0.0585218
BRISK, FREAK, 5, 8, 0.0159309
BRISK, FREAK, 5, 9, 0.0819896
BRISK, FREAK, 5, 10, 0.185171
BRISK, FREAK, 6, 3, 0.325743
BRISK, FREAK, 0, 2, 19.1481
BRISK, FREAK, 0, 3, 6.27901
BRISK, FREAK, 0, 4, 3.42544
BRISK, FREAK, 0, 5, 2.99292
BRISK, FREAK, 0, 6, 5.491
BRISK, FREAK, 0, 7, 13.8967
BRISK, FREAK, 0, 8, 18.722
BRISK, FREAK, 0, 9, 3.23147
BRISK, FREAK, 0, 10, 3.4436
BRISK, FREAK, 0, 11, 10.7922
BRISK, FREAK, 0, 12, 2.56936
BRISK, FREAK, 0, 13, 3.09207
BRISK, FREAK, 0, 14, 6.36292
BRISK, FREAK, 0, 15, 2.0536
BRISK, FREAK, 0, 16, 3.73644
BRISK, FREAK, 0, 17, 0.62817
BRISK, FREAK, 0, 18, 0.557378
BRISK, FREAK, 0, 19, 0.505403
BRISK, FREAK, 1, 2, 1.15003
BRISK, FREAK, 1, 3, 0.278346
BRISK, FREAK, 1, 4, 0.250439
BRISK, FREAK, 1, 5, 0.0321008
BRISK, FREAK, 1, 6, 0.151311
BRISK, FREAK, 1, 7, 1.0672
BRISK, FREAK, 1, 8, 0.0548447
BRISK, FREAK, 1, 9, 0.115788
BRISK, FREAK, 1, 10, 0.522878
BRISK, FREAK, 1, 11, 0.262431
BRISK, FREAK, 1, 12, 0.377076
BRISK, FREAK, 1, 13, 0.166226
BRISK, FREAK, 1, 14, 0.199098
BRISK, FREAK, 1, 15, 0.571074
BRISK, FREAK, 1, 16, 0.195867
BRISK, FREAK, 1, 17, 0.149869
BRISK, FREAK, 1, 18, 0.173375
BRISK, FREAK, 1, 19, 0.714981
BRISK, FREAK, 2, 2, 0.00919832
BRISK, FREAK, 2, 3, 0.103998
BRISK, FREAK, 2, 4, 0.148452
BRISK, FREAK, 2, 5, 0.109648
BRISK, FREAK, 2, 6, 0.165318
BRISK, FREAK, 2, 7, 6.14211
BRISK, FREAK, 2, 8, 0.207181
BRISK, FREAK, 2, 9, 0.0349429
BRISK, FREAK, 2, 10, 0.0471182
BRISK, FREAK, 2, 11, 0.200201
BRISK, FREAK, 4, 2, 0.0593637
BRISK, FREAK, 4, 3, 0.171903
BRISK, FREAK, 4, 4, 0.28339
BRISK, FREAK, 4, 5, 3.62483
BRISK, FREAK, 4, 6, 3.16097
BRISK, FREAK, 4, 7, 1.35317
BRISK, FREAK, 4, 8, 0.768196
BRISK, FREAK, 4, 9, 0.544369
BRISK, FREAK, 4, 10, 0.538505
BRISK, FREAK, 4, 11, 0.935346
BRISK, FREAK, 4, 12, 0.364363
BRISK, FREAK, 4, 13, 0.465589
BRISK, FREAK, 4, 14, 0.574024
BRISK, FREAK, 4, 15, 0.545368
BRISK, FREAK, 4, 16, 0.256404
BRISK, FREAK, 4, 17, 0.973028
BRISK, FREAK, 4, 18, 2.29633
BRISK, FREAK, 4, 19, 0.706892
BRISK, FREAK, 3, 2, 1.96545
BRISK, FREAK, 3, 3, 1.17099
BRISK, FREAK, 3, 4, 0.902319
BRISK, FREAK, 3, 5, 0.938878
BRISK, FREAK, 3, 6, 1.71903
BRISK, FREAK, 3, 7, 4.36438
BRISK, FREAK, 3, 8, 0.908683
BRISK, FREAK, 3, 9, 1.94901
BRISK, FREAK, 3, 10, 4.68645
BRISK, FREAK, 3, 11, 2.27198
BRISK, FREAK, 3, 12, 1.65319
BRISK, FREAK, 3, 13, 10.3554
BRISK, FREAK, 3, 14, 2.5055
BRISK, FREAK, 3, 15, 1.2362
BRISK, FREAK, 3, 16, 11.6607
BRISK, FREAK, 3, 17, 0.638679
BRISK, FREAK, 3, 18, 0.518329
BRISK, FREAK, 3, 19, 1.42541
BRISK, SIFT, 12, 19, 0.109621
BRISK, SIFT, 11, 18, 0.472322
BRISK, SIFT, 10, 16, 0.109445
BRISK, SIFT, 9, 15, 0.166134
BRISK, SIFT, 9, 16, 0.118138
BRISK, SIFT, 8, 14, 0.575629
BRISK, SIFT, 8, 15, 0.0821353
BRISK, SIFT, 7, 11, 0.0188946
BRISK, SIFT, 6, 10, 0.185171
BRISK, SIFT, 4, 8, 0.265821
BRISK, SIFT, 4, 9, 0.0351887
BRISK, SIFT, 3, 6, 5.491
BRISK, SIFT, 3, 7, 13.8967
BRISK, SIFT, 3, 8, 18.722
BRISK, SIFT, 3, 9, 3.23147
BRISK, SIFT, 3, 10, 3.4436
BRISK, SIFT, 3, 11, 10.7922
BRISK, SIFT, 3, 12, 2.56936
BRISK, SIFT, 3, 13, 3.09207
BRISK, SIFT, 3, 14, 6.36292
BRISK, SIFT, 3, 15, 2.0536
BRISK, SIFT, 3, 16, 3.73644
BRISK, SIFT, 3, 17, 0.62817
BRISK, SIFT, 2, 5, 0.0455185
BRISK, SIFT, 2, 6, 0.0639531
BRISK, SIFT, 1, 4, 0.148452
BRISK, SIFT, 5, 8, 0.207181
BRISK, SIFT, 0, 2, 19.1481
BRISK, SIFT, 0, 3, 6.27901
BRISK, SIFT, 0, 4, 3.42544
ORB, BRIEF, 14, 19, 0.109621
ORB, BRIEF, 13, 19, 0.00599275
ORB, BRIEF, 12, 18, 0.518329
ORB, BRIEF, 12, 19, 1.42541
ORB, BRIEF, 11, 16, 0.109445
ORB, BRIEF, 11, 17, 0.509538
ORB, BRIEF, 10, 14, 0.168662
ORB, BRIEF, 9, 12, 0.178635
ORB, BRIEF, 9, 13, 0.00710538
ORB, BRIEF, 9, 14, 0.0984672
ORB, BRIEF, 9, 15, 0.166134
ORB, BRIEF, 9, 16, 0.118138
ORB, BRIEF, 8, 5, 0.082633
ORB, BRIEF, 8, 6, 0.237416
ORB, BRIEF, 8, 7, 0.0588609
ORB, BRIEF, 8, 8, 0.265821
ORB, BRIEF, 8, 9, 0.0351887
ORB, BRIEF, 8, 10, 0.151782
ORB, BRIEF, 7, 5, 0.242744
ORB, BRIEF, 7, 6, 0.0393089
ORB, BRIEF, 7, 7, 0.531254
ORB, BRIEF, 7, 8, 0.0248849
ORB, BRIEF, 7, 9, 0.0990378
ORB, BRIEF, 7, 10, 7.33227
ORB, BRIEF, 7, 11, 0.241809
ORB, BRIEF, 7, 12, 0.0198846
ORB, BRIEF, 7, 13, 0.0779536
ORB, BRIEF, 7, 14, 0.593764
ORB, BRIEF, 7, 15, 0.577969
ORB, BRIEF, 7, 16, 0.0551947
ORB, BRIEF, 7, 17, 0.169533
ORB, BRIEF, 7, 18, 0.472322
ORB, BRIEF, 7, 19, 0.0580557
ORB, BRIEF, 5, 3, 0.313479
ORB, BRIEF, 5, 4, 0.073958
ORB, BRIEF, 5, 5, 0.0455185
ORB, BRIEF, 5, 6, 0.0639531
ORB, BRIEF, 5, 7, 0.0585218
ORB, BRIEF, 5, 8, 0.0159309
ORB, BRIEF, 5, 9, 0.0819896
ORB, BRIEF, 5, 10, 0.185171
ORB, BRIEF, 5, 11, 0.00938977
ORB, BRIEF, 5, 12, 0.124115
ORB, BRIEF, 5, 13, 0.013248
ORB, BRIEF, 5, 14, 0.575629
ORB, BRIEF, 5, 15, 0.0821353
ORB, BRIEF, 5, 16, 0.181078
ORB, BRIEF, 5, 17, 0.156953
ORB, BRIEF, 5, 18, 0.0222151
ORB, BRIEF, 5, 19, 0.126656
ORB, BRIEF, 6, 3, 0.325743
ORB, BRIEF, 0, 2, 19.1481
ORB, BRIEF, 0, 3, 6.27901
ORB, BRIEF, 0, 4, 3.42544
ORB, BRIEF, 0, 5, 2.99292
ORB, BRIEF, 0, 6, 5.491
ORB, BRIEF, 0, 7, 13.8967
ORB, BRIEF, 0, 8, 18.722
ORB, BRIEF, 0, 9, 3.23147
ORB, BRIEF, 0, 10, 3.4436
ORB, BRIEF, 0, 11, 10.7922
ORB, BRIEF, 0, 12, 2.56936
ORB, BRIEF, 0, 13, 3.09207
ORB, BRIEF, 0, 14, 6.36292
ORB, BRIEF, 0, 15, 2.0536
ORB, BRIEF, 0, 16, 3.73644
ORB, BRIEF, 0, 17, 0.62817
ORB, BRIEF, 0, 18, 0.557378
ORB, BRIEF, 0, 19, 0.505403
ORB, BRIEF, 3, 2, 1.15003
ORB, BRIEF, 3, 3, 0.278346
ORB, BRIEF, 3, 4, 0.250439
ORB, BRIEF, 3, 5, 0.0321008
ORB, BRIEF, 3, 6, 0.151311
ORB, BRIEF, 3, 7, 1.0672
ORB, BRIEF, 3, 8, 0.0548447
ORB, BRIEF, 3, 9, 0.115788
ORB, BRIEF, 3, 10, 0.522878
ORB, BRIEF, 3, 11, 0.262431
ORB, BRIEF, 3, 12, 0.377076
ORB, BRIEF, 3, 13, 0.166226
ORB, BRIEF, 3, 14, 0.199098
ORB, BRIEF, 3, 15, 0.571074
ORB, BRIEF, 3, 16, 0.195867
ORB, BRIEF, 3, 17, 0.149869
ORB, BRIEF, 3, 18, 0.173375
ORB, BRIEF, 3, 19, 0.714981
ORB, BRIEF, 1, 2, 0.00919832
ORB, BRIEF, 1, 3, 0.103998
ORB, BRIEF, 1, 4, 0.148452
ORB, BRIEF, 1, 5, 0.109648
ORB, BRIEF, 1, 6, 0.165318
ORB, BRIEF, 1, 7, 6.14211
ORB, BRIEF, 1, 8, 0.207181
ORB, BRIEF, 1, 9, 0.0349429
ORB, BRIEF, 1, 10, 0.0471182
ORB, BRIEF, 1, 11, 0.200201
ORB, BRIEF, 2, 2, 0.0593637
ORB, BRIEF, 2, 3, 0.171903
ORB, BRIEF, 2, 4, 0.28339
ORB, BRIEF, 2, 5, 3.62483
ORB, BRIEF, 2, 6, 3.16097
ORB, BRIEF, 2, 7, 1.35317
ORB, BRIEF, 2, 8, 0.768196
ORB, BRIEF, 2, 9, 0.544369
ORB, BRIEF, 2, 10, 0.538505
ORB, BRIEF, 2, 11, 0.935346
ORB, BRIEF, 2, 12, 0.364363
ORB, BRIEF, 2, 13, 0.465589
ORB, BRIEF, 2, 14, 0.574024
ORB, BRIEF, 2, 15, 0.545368
ORB, BRIEF, 2, 16, 0.256404
ORB, BRIEF, 2, 17, 0.973028
ORB, BRIEF, 2, 18, 2.29633
ORB, BRIEF, 2, 19, 0.706892
ORB, BRIEF, 4, 2, 1.96545
ORB, BRIEF, 4, 3, 1.17099
ORB, BRIEF, 4, 4, 0.902319
ORB, BRIEF, 4, 5, 0.938878
ORB, BRIEF, 4, 6, 1.71903
ORB, BRIEF, 4, 7, 4.36438
ORB, BRIEF, 4, 8, 0.908683
ORB, BRIEF, 4, 9, 1.94901
ORB, BRIEF, 4, 10, 4.68645
ORB, BRIEF, 4, 11, 2.27198
ORB, BRIEF, 4, 12, 1.65319
ORB, BRIEF, 4, 13, 10.3554
ORB, BRIEF, 4, 14, 2.5055
ORB, BRIEF, 4, 15, 1.2362
ORB, BRIEF, 4, 16, 11.6607
ORB, ORB, 17, 19, 0.109621
ORB, ORB, 16, 19, 0.00599275
ORB, ORB, 14, 16, 0.109445
ORB, ORB, 14, 17, 0.509538
ORB, ORB, 15, 16, 0.195867
ORB, ORB, 15, 17, 0.149869
ORB, ORB, 15, 18, 0.173375
ORB, ORB, 13, 14, 0.168662
ORB, ORB, 12, 13, 10.3554
ORB, ORB, 12, 14, 2.5055
ORB, ORB, 12, 15, 1.2362
ORB, ORB, 12, 16, 11.6607
ORB, ORB, 12, 17, 0.638679
ORB, ORB, 12, 18, 0.518329
ORB, ORB, 12, 19, 1.42541
ORB, ORB, 11, 12, 0.178635
ORB, ORB, 11, 13, 0.00710538
ORB, ORB, 11, 14, 0.0984672
ORB, ORB, 11, 15, 0.166134
ORB, ORB, 11, 16, 0.118138
ORB, ORB, 10, 7, 0.585781
ORB, ORB, 10, 8, 0.0930982
ORB, ORB, 9, 7, 1.35317
ORB, ORB, 9, 8, 0.768196
ORB, ORB, 9, 9, 0.544369
ORB, ORB, 9, 10, 0.538505
ORB, ORB, 9, 11, 0.935346
ORB, ORB, 9, 12, 0.364363
ORB, ORB, 9, 13, 0.465589
ORB, ORB, 9, 14, 0.574024
ORB, ORB, 9, 15, 0.545368
ORB, ORB, 9, 16, 0.256404
ORB, ORB, 9, 17, 0.973028
ORB, ORB, 9, 18, 2.29633
ORB, ORB, 9, 19, 0.706892
ORB, ORB, 7, 5, 0.082633
ORB, ORB, 7, 6, 0.237416
ORB, ORB, 7, 7, 0.0588609
ORB, ORB, 7, 8, 0.265821
ORB, ORB, 7, 9, 0.0351887
ORB, ORB, 7, 10, 0.151782
ORB, ORB, 8, 5, 0.242744
ORB, ORB, 8, 6, 0.0393089
ORB, ORB, 8, 7, 0.531254
ORB, ORB, 8, 8, 0.0248849
ORB, ORB, 8, 9, 0.0990378
ORB, ORB, 8, 10, 7.33227
ORB, ORB, 8, 11, 0.241809
ORB, ORB, 8, 12, 0.0198846
ORB, ORB, 8, 13, 0.0779536
ORB, ORB, 8, 14, 0.593764
ORB, ORB, 8, 15, 0.577969
ORB, ORB, 8, 16, 0.0551947
ORB, ORB, 8, 17, 0.169533
ORB, ORB, 8, 18, 0.472322
ORB, ORB, 8, 19, 0.0580557
ORB, ORB, 6, 3, 0.313479
ORB, ORB, 6, 4, 0.073958
ORB, ORB, 6, 5, 0.0455185
ORB, ORB, 6, 6, 0.0639531
ORB, ORB, 6, 7, 0.0585218
ORB, ORB, 6, 8, 0.0159309
ORB, ORB, 6, 9, 0.0819896
ORB, ORB, 6, 10, 0.185171
ORB, ORB, 6, 11, 0.00938977
ORB, ORB, 6, 12, 0.124115
ORB, ORB, 6, 13, 0.013248
ORB, ORB, 6, 14, 0.575629
ORB, ORB, 6, 15, 0.0821353
ORB, ORB, 6, 16, 0.181078
ORB, ORB, 6, 17, 0.156953
ORB, ORB, 6, 18, 0.0222151
ORB, ORB, 6, 19, 0.126656
ORB, ORB, 5, 3, 0.325743
ORB, ORB, 0, 2, 19.1481
ORB, ORB, 0, 3, 6.27901
ORB, ORB, 0, 4, 3.42544
ORB, ORB, 0, 5, 2.99292
ORB, ORB, 0, 6, 5.491
ORB, ORB, 0, 7, 13.8967
ORB, ORB, 0, 8, 18.722
ORB, ORB, 0, 9, 3.23147
ORB, ORB, 0, 10, 3.4436
ORB, ORB, 0, 11, 10.7922
ORB, ORB, 0, 12, 2.56936
ORB, ORB, 0, 13, 3.09207
ORB, ORB, 0, 14, 6.36292
ORB, ORB, 0, 15, 2.0536
ORB, ORB, 0, 16, 3.73644
ORB, ORB, 0, 17, 0.62817
ORB, ORB, 0, 18, 0.557378
ORB, ORB, 0, 19, 0.505403
ORB, ORB, 1, 2, 1.15003
ORB, ORB, 1, 3, 0.278346
ORB, ORB, 1, 4, 0.250439
ORB, ORB, 1, 5, 0.0321008
ORB, ORB, 1, 6, 0.151311
ORB, ORB, 1, 7, 1.0672
ORB, ORB, 1, 8, 0.0548447
ORB, ORB, 1, 9, 0.115788
ORB, ORB, 1, 10, 0.522878
ORB, ORB, 1, 11, 0.262431
ORB, ORB, 1, 12, 0.377076
ORB, ORB, 1, 13, 0.166226
ORB, ORB, 1, 14, 0.199098
ORB, ORB, 2, 2, 0.00919832
ORB, ORB, 2, 3, 0.103998
ORB, ORB, 2, 4, 0.148452
ORB, ORB, 2, 5, 0.109648
ORB, ORB, 2, 6, 0.165318
ORB, ORB, 2, 7, 6.14211
ORB, ORB, 2, 8, 0.207181
ORB, ORB, 2, 9, 0.0349429
ORB, ORB, 2, 10, 0.0471182
ORB, ORB, 2, 11, 0.200201
ORB, ORB, 3, 2, 0.0593637
ORB, ORB, 3, 3, 0.171903
ORB, ORB, 3, 4, 0.28339
ORB, ORB, 3, 5, 3.62483
ORB, ORB, 4, 2, 1.96545
ORB, ORB, 4, 3, 1.17099
ORB, ORB, 4, 4, 0.902319
ORB, ORB, 4, 5, 0.938878
ORB, ORB, 4, 6, 1.71903
ORB, ORB, 4, 7, 4.36438
ORB, ORB, 4, 8, 0.908683
ORB, ORB, 4, 9, 1.94901
ORB, ORB, 4, 10, 4.68645
ORB, ORB, 4, 11, 2.27198
ORB, FREAK, 15, 19, 0.109621
ORB, FREAK, 14, 19, 0.00599275
ORB, FREAK, 13, 16, 0.109445
ORB, FREAK, 13, 17, 0.509538
ORB, FREAK, 12, 14, 0.168662
ORB, FREAK, 11, 12, 0.178635
ORB, FREAK, 11, 13, 0.00710538
ORB, FREAK, 11, 14, 0.0984672
ORB, FREAK, 11, 15, 0.166134
ORB, FREAK, 11, 16, 0.118138
ORB, FREAK, 10, 9, 1.94901
ORB, FREAK, 10, 10, 4.68645
ORB, FREAK, 10, 11, 2.27198
ORB, FREAK, 10, 12, 1.65319
ORB, FREAK, 10, 13, 10.3554
ORB, FREAK, 10, 14, 2.5055
ORB, FREAK, 10, 15, 1.2362
ORB, FREAK, 10, 16, 11.6607
ORB, FREAK, 10, 17, 0.638679
ORB, FREAK, 10, 18, 0.518329
ORB, FREAK, 10, 19, 1.42541
ORB, FREAK, 9, 7, 0.585781
ORB, FREAK, 9, 8, 0.0930982
ORB, FREAK, 8, 5, 0.082633
ORB, FREAK, 8, 6, 0.237416
ORB, FREAK, 8, 7, 0.0588609
ORB, FREAK, 8, 8, 0.265821
ORB, FREAK, 8, 9, 0.0351887
ORB, FREAK, 8, 10, 0.151782
ORB, FREAK, 7, 5, 0.242744
ORB, FREAK, 7, 6, 0.0393089
ORB, FREAK, 7, 7, 0.531254
ORB, FREAK, 7, 8, 0.0248849
ORB, FREAK, 7, 9, 0.0990378
ORB, FREAK, 7, 10, 7.33227
ORB, FREAK, 7, 11, 0.241809
ORB, FREAK, 7, 12, 0.0198846
ORB, FREAK, 7, 13, 0.0779536
ORB, FREAK, 7, 14, 0.593764
ORB, FREAK, 7, 15, 0.577969
ORB, FREAK, 7, 16, 0.0551947
ORB, FREAK, 7, 17, 0.169533
ORB, FREAK, 7, 18, 0.472322
ORB, FREAK, 7, 19, 0.0580557
ORB, FREAK, 5, 3, 0.313479
ORB, FREAK, 5, 4, 0.073958
ORB, FREAK, 5, 5, 0.0455185
ORB, FREAK, 5, 6, 0.0639531
ORB, FREAK, 5, 7, 0.0585218
ORB, FREAK, 5, 8, 0.0159309
ORB, FREAK, 5, 9, 0.0819896
ORB, FREAK, 5, 10, 0.185171
ORB, FREAK, 5, 11, 0.00938977
ORB, FREAK, 5, 12, 0.124115
ORB, FREAK, 5, 13, 0.013248
ORB, FREAK, 5, 14, 0.575629
ORB, FREAK, 5, 15, 0.0821353
ORB, FREAK, 5, 16, 0.181078
ORB, FREAK, 5, 17, 0.156953
ORB, FREAK, 5, 18, 0.0222151
ORB, FREAK, 5, 19, 0.126656
ORB, FREAK, 6, 3, 0.325743
ORB, FREAK, 1, 2, 19.1481
ORB, FREAK, 1, 3, 6.27901
ORB, FREAK, 1, 4, 3.42544
ORB, FREAK, 1, 5, 2.99292
ORB, FREAK, 1, 6, 5.491
ORB, FREAK, 1, 7, 13.8967
ORB, FREAK, 1, 8, 18.722
ORB, FREAK, 1, 9, 3.23147
ORB, FREAK, 1, 10, 3.4436
ORB, FREAK, 1, 11, 10.7922
ORB, FREAK, 1, 12, 2.56936
ORB, FREAK, 1, 13, 3.09207
ORB, FREAK, 1, 14, 6.36292
ORB, FREAK, 1, 15, 2.0536
ORB, FREAK, 1, 16, 3.73644
ORB, FREAK, 1, 17, 0.62817
ORB, FREAK, 1, 18, 0.557378
ORB, FREAK, 1, 19, 0.505403
ORB, FREAK, 4, 2, 1.15003
ORB, FREAK, 4, 3, 0.278346
ORB, FREAK, 4, 4, 0.250439
ORB, FREAK, 4, 5, 0.0321008
ORB, FREAK, 4, 6, 0.151311
ORB, FREAK, 4, 7, 1.0672
ORB, FREAK, 4, 8, 0.0548447
ORB, FREAK, 4, 9, 0.115788
ORB, FREAK, 4, 10, 0.522878
ORB, FREAK, 4, 11, 0.262431
ORB, FREAK, 4, 12, 0.377076
ORB, FREAK, 4, 13, 0.166226
ORB, FREAK, 4, 14, 0.199098
ORB, FREAK, 4, 15, 0.571074
ORB, FREAK, 4, 16, 0.195867
ORB, FREAK, 4, 17, 0.149869
ORB, FREAK, 4, 18, 0.173375
ORB, FREAK, 4, 19, 0.714981
ORB, FREAK, 2, 2, 0.00919832
ORB, FREAK, 2, 3, 0.103998
ORB, FREAK, 2, 4, 0.148452
ORB, FREAK, 2, 5, 0.109648
ORB, FREAK, 2, 6, 0.165318
ORB, FREAK, 2, 7, 6.14211
ORB, FREAK, 2, 8, 0.207181
ORB, FREAK, 2, 9, 0.0349429
ORB, FREAK, 2, 10, 0.0471182
ORB, FREAK, 2, 11, 0.200201
ORB, FREAK, 3, 2, 0.0593637
ORB, FREAK, 3, 3, 0.171903
ORB, FREAK, 3, 4, 0.28339
ORB, FREAK, 3, 5, 3.62483
ORB, FREAK, 3, 6, 3.16097
ORB, FREAK, 3, 7, 1.35317
ORB, FREAK, 3, 8, 0.768196
ORB, FREAK, 3, 9, 0.544369
ORB, FREAK, 3, 10, 0.538505
ORB, FREAK, 3, 11, 0.935346
ORB, FREAK, 3, 12, 0.364363
ORB, FREAK, 3, 13, 0.465589
ORB, FREAK, 3, 14, 0.574024
ORB, FREAK, 3, 15, 0.545368
ORB, FREAK, 3, 16, 0.256404
ORB, FREAK, 3, 17, 0.973028
ORB, FREAK, 3, 18, 2.29633
ORB, FREAK, 3, 19, 0.706892
ORB, FREAK, 0, 2, 1.96545
ORB, FREAK, 0, 3, 1.17099
ORB, FREAK, 0, 4, 0.902319
ORB, FREAK, 0, 5, 0.938878
ORB, FREAK, 0, 6, 1.71903
ORB, FREAK, 0, 7, 4.36438
ORB, SIFT, 19, 19, 0.109621
ORB, SIFT, 20, 19, 0.00599275
ORB, SIFT, 21, 19, 0.126656
ORB, SIFT, 18, 18, 0.173375
ORB, SIFT, 18, 19, 0.714981
ORB, SIFT, 17, 17, 0.156953
ORB, SIFT, 15, 16, 0.109445
ORB, SIFT, 15, 17, 0.509538
ORB, SIFT, 16, 16, 0.195867
ORB, SIFT, 14, 15, 1.2362
ORB, SIFT, 14, 16, 11.6607
ORB, SIFT, 13, 14, 0.168662
ORB, SIFT, 11, 13, 0.013248
ORB, SIFT, 11, 14, 0.575629
ORB, SIFT, 11, 15, 0.0821353
ORB, SIFT, 12, 13, 10.3554
ORB, SIFT, 10, 12, 0.178635
ORB, SIFT, 10, 13, 0.00710538
ORB, SIFT, 10, 14, 0.0984672
ORB, SIFT, 10, 15, 0.166134
ORB, SIFT, 10, 16, 0.118138
ORB, SIFT, 9, 9, 0.115788
ORB, SIFT, 8, 7, 0.0588609
ORB, SIFT, 8, 8, 0.265821
ORB, SIFT, 8, 9, 0.0351887
ORB, SIFT, 7, 7, 1.35317
ORB, SIFT, 7, 8, 0.768196
ORB, SIFT, 7, 9, 0.544369
ORB, SIFT, 7, 10, 0.538505
ORB, SIFT, 7, 11, 0.935346
ORB, SIFT, 7, 12, 0.364363
ORB, SIFT, 7, 13, 0.465589
ORB, SIFT, 7, 14, 0.574024
ORB, SIFT, 7, 15, 0.545368
ORB, SIFT, 7, 16, 0.256404
ORB, SIFT, 7, 17, 0.973028
ORB, SIFT, 7, 18, 2.29633
ORB, SIFT, 7, 19, 0.706892
ORB, SIFT, 6, 6, 0.151311
ORB, SIFT, 6, 7, 1.0672
ORB, SIFT, 5, 5, 3.62483
ORB, SIFT, 3, 3, 0.313479
ORB, SIFT, 3, 4, 0.073958
ORB, SIFT, 3, 5, 0.0455185
ORB, SIFT, 3, 6, 0.0639531
ORB, SIFT, 3, 7, 0.0585218
ORB, SIFT, 3, 8, 0.0159309
ORB, SIFT, 3, 9, 0.0819896
ORB, SIFT, 3, 10, 0.185171
ORB, SIFT, 3, 11, 0.0252504
ORB, SIFT, 3, 12, 0.377076
ORB, SIFT, 3, 13, 0.166226
ORB, SIFT, 4, 3, 0.278346
ORB, SIFT, 4, 4, 0.250439
ORB, SIFT, 1, 2, 19.1481
ORB, SIFT, 1, 3, 6.27901
ORB, SIFT, 1, 4, 3.42544
ORB, SIFT, 1, 5, 2.99292
ORB, SIFT, 1, 6, 5.491
ORB, SIFT, 1, 7, 13.8967
ORB, SIFT, 1, 8, 18.722
ORB, SIFT, 1, 9, 3.23147
ORB, SIFT, 1, 10, 3.4436
ORB, SIFT, 1, 11, 10.7922
ORB, SIFT, 1, 12, 2.56936
ORB, SIFT, 1, 13, 3.09207
ORB, SIFT, 1, 14, 6.36292
ORB, SIFT, 1, 15, 2.0536
ORB, SIFT, 1, 16, 3.73644
ORB, SIFT, 1, 17, 0.62817
ORB, SIFT, 1, 18, 0.557378
ORB, SIFT, 1, 19, 0.505403
ORB, SIFT, 0, 2, 0.00919832
ORB, SIFT, 0, 3, 0.103998
ORB, SIFT, 0, 4, 0.148452
ORB, SIFT, 0, 5, 0.109648
ORB, SIFT, 0, 6, 0.165318
ORB, SIFT, 0, 7, 6.14211
ORB, SIFT, 0, 8, 0.207181
ORB, SIFT, 0, 9, 0.0349429
ORB, SIFT, 0, 10, 0.0471182
ORB, SIFT, 0, 11, 0.200201
ORB, SIFT, 2, 2, 0.0593637
ORB, SIFT, 2, 3, 0.171903
ORB, SIFT, 2, 4, 0.0119003
ORB, SIFT, 2, 5, 0.242744
ORB, SIFT, 2, 6, 0.0393089
ORB, SIFT, 2, 7, 0.531254
ORB, SIFT, 2, 8, 0.0248849
ORB, SIFT, 2, 9, 0.0990378
ORB, SIFT, 2, 10, 7.33227
ORB, SIFT, 2, 11, 0.241809
ORB, SIFT, 2, 12, 0.0198846
ORB, SIFT, 2, 13, 0.0779536
ORB, SIFT, 2, 14, 0.593764
ORB, SIFT, 2, 15, 0.577969
ORB, SIFT, 2, 16, 0.0551947
ORB, SIFT, 2, 17, 0.169533
ORB, SIFT, 2, 18, 0.472322
ORB, SIFT, 2, 19, 0.0580557
AKAZE, BRIEF, 13, 19, 0.109621
AKAZE, BRIEF, 12, 19, 0.00599275
AKAZE, BRIEF, 11, 16, 0.109445
AKAZE, BRIEF, 11, 17, 0.509538
AKAZE, BRIEF, 10, 14, 0.168662
AKAZE, BRIEF, 9, 7, 0.585781
AKAZE, BRIEF, 9, 8, 0.0930982
AKAZE, BRIEF, 8, 5, 0.082633
AKAZE, BRIEF, 8, 6, 0.237416
AKAZE, BRIEF, 8, 7, 0.0588609
AKAZE, BRIEF, 8, 8, 0.265821
AKAZE, BRIEF, 8, 9, 0.0351887
AKAZE, BRIEF, 8, 10, 0.151782
AKAZE, BRIEF, 8, 11, 0.113713
AKAZE, BRIEF, 8, 12, 0.178635
AKAZE, BRIEF, 8, 13, 0.00710538
AKAZE, BRIEF, 8, 14, 0.0984672
AKAZE, BRIEF, 8, 15, 0.166134
AKAZE, BRIEF, 8, 16, 0.118138
AKAZE, BRIEF, 7, 5, 0.242744
AKAZE, BRIEF, 7, 6, 0.0393089
AKAZE, BRIEF, 7, 7, 0.531254
AKAZE, BRIEF, 7, 8, 0.0248849
AKAZE, BRIEF, 7, 9, 0.0990378
AKAZE, BRIEF, 7, 10, 7.33227
AKAZE, BRIEF, 7, 11, 0.241809
AKAZE, BRIEF, 7, 12, 0.0198846
AKAZE, BRIEF, 7, 13, 0.0779536
AKAZE, BRIEF, 7, 14, 0.593764
AKAZE, BRIEF, 7, 15, 0.577969
AKAZE, BRIEF, 7, 16, 0.0551947
AKAZE, BRIEF, 7, 17, 0.169533
AKAZE, BRIEF, 7, 18, 0.472322
AKAZE, BRIEF, 7, 19, 0.0580557
AKAZE, BRIEF, 5, 3, 0.313479
AKAZE, BRIEF, 5, 4, 0.073958
AKAZE, BRIEF, 5, 5, 0.0455185
AKAZE, BRIEF, 5, 6, 0.0639531
AKAZE, BRIEF, 5, 7, 0.0585218
AKAZE, BRIEF, 5, 8, 0.0159309
AKAZE, BRIEF, 5, 9, 0.0819896
AKAZE, BRIEF, 5, 10, 0.185171
AKAZE, BRIEF, 5, 11, 0.00938977
AKAZE, BRIEF, 5, 12, 0.124115
AKAZE, BRIEF, 5, 13, 0.013248
AKAZE, BRIEF, 5, 14, 0.575629
AKAZE, BRIEF, 5, 15, 0.0821353
AKAZE, BRIEF, 5, 16, 0.181078
AKAZE, BRIEF, 5, 17, 0.156953
AKAZE, BRIEF, 5, 18, 0.0222151
AKAZE, BRIEF, 5, 19, 0.126656
AKAZE, BRIEF, 6, 3, 0.325743
AKAZE, BRIEF, 0, 2, 19.1481
AKAZE, BRIEF, 0, 3, 6.27901
AKAZE, BRIEF, 0, 4, 3.42544
AKAZE, BRIEF, 0, 5, 2.99292
AKAZE, BRIEF, 0, 6, 5.491
AKAZE, BRIEF, 0, 7, 13.8967
AKAZE, BRIEF, 0, 8, 18.722
AKAZE, BRIEF, 0, 9, 3.23147
AKAZE, BRIEF, 0, 10, 3.4436
AKAZE, BRIEF, 0, 11, 10.7922
AKAZE, BRIEF, 0, 12, 2.56936
AKAZE, BRIEF, 0, 13, 3.09207
AKAZE, BRIEF, 0, 14, 6.36292
AKAZE, BRIEF, 0, 15, 2.0536
AKAZE, BRIEF, 0, 16, 3.73644
AKAZE, BRIEF, 0, 17, 0.62817
AKAZE, BRIEF, 0, 18, 0.557378
AKAZE, BRIEF, 0, 19, 0.505403
AKAZE, BRIEF, 2, 2, 1.15003
AKAZE, BRIEF, 2, 3, 0.278346
AKAZE, BRIEF, 2, 4, 0.250439
AKAZE, BRIEF, 2, 5, 0.0321008
AKAZE, BRIEF, 2, 6, 0.151311
AKAZE, BRIEF, 2, 7, 1.0672
AKAZE, BRIEF, 2, 8, 0.0548447
AKAZE, BRIEF, 2, 9, 0.115788
AKAZE, BRIEF, 2, 10, 0.522878
AKAZE, BRIEF, 2, 11, 0.262431
AKAZE, BRIEF, 2, 12, 0.377076
AKAZE, BRIEF, 2, 13, 0.166226
AKAZE, BRIEF, 2, 14, 0.199098
AKAZE, BRIEF, 2, 15, 0.571074
AKAZE, BRIEF, 2, 16, 0.195867
AKAZE, BRIEF, 2, 17, 0.149869
AKAZE, BRIEF, 2, 18, 0.173375
AKAZE, BRIEF, 2, 19, 0.714981
AKAZE, BRIEF, 1, 2, 0.00919832
AKAZE, BRIEF, 1, 3, 0.103998
AKAZE, BRIEF, 1, 4, 0.148452
AKAZE, BRIEF, 1, 5, 0.109648
AKAZE, BRIEF, 1, 6, 0.165318
AKAZE, BRIEF, 1, 7, 6.14211
AKAZE, BRIEF, 1, 8, 0.207181
AKAZE, BRIEF, 1, 9, 0.0349429
AKAZE, BRIEF, 1, 10, 0.0471182
AKAZE, BRIEF, 1, 11, 0.200201
AKAZE, BRIEF, 4, 2, 0.0593637
AKAZE, BRIEF, 4, 3, 0.171903
AKAZE, BRIEF, 4, 4, 0.28339
AKAZE, BRIEF, 4, 5, 3.62483
AKAZE, BRIEF, 4, 6, 3.16097
AKAZE, BRIEF, 4, 7, 1.35317
AKAZE, BRIEF, 4, 8, 0.768196
AKAZE, BRIEF, 4, 9, 0.544369
AKAZE, BRIEF, 4, 10, 0.538505
AKAZE, BRIEF, 4, 11, 0.935346
AKAZE, BRIEF, 4, 12, 0.364363
AKAZE, BRIEF, 4, 13, 0.465589
AKAZE, BRIEF, 4, 14, 0.574024
AKAZE, BRIEF, 4, 15, 0.545368
AKAZE, BRIEF, 4, 16, 0.256404
AKAZE, BRIEF, 4, 17, 0.973028
AKAZE, BRIEF, 4, 18, 2.29633
AKAZE, BRIEF, 4, 19, 0.706892
AKAZE, BRIEF, 3, 2, 1.96545
AKAZE, BRIEF, 3, 3, 1.17099
AKAZE, BRIEF, 3, 4, 0.902319
AKAZE, BRIEF, 3, 5, 0.938878
AKAZE, BRIEF, 3, 6, 1.71903
AKAZE, BRIEF, 3, 7, 4.36438
AKAZE, BRIEF, 3, 8, 0.908683
AKAZE, BRIEF, 3, 9, 1.94901
AKAZE, BRIEF, 3, 10, 4.68645
AKAZE, BRIEF, 3, 11, 2.27198
AKAZE, BRIEF, 3, 12, 1.65319
AKAZE, BRIEF, 3, 13, 10.3554
AKAZE, BRIEF, 3, 14, 2.5055
AKAZE, BRIEF, 3, 15, 1.2362
AKAZE, BRIEF, 3, 16, 11.6607
AKAZE, BRIEF, 3, 17, 0.638679
AKAZE, BRIEF, 3, 18, 0.518329
AKAZE, BRIEF, 3, 19, 1.42541
AKAZE, ORB, 13, 19, 0.109621
AKAZE, ORB, 12, 19, 0.00599275
AKAZE, ORB, 11, 16, 0.109445
AKAZE, ORB, 11, 17, 0.509538
AKAZE, ORB, 10, 14, 0.168662
AKAZE, ORB, 9, 7, 0.585781
AKAZE, ORB, 8, 5, 0.082633
AKAZE, ORB, 8, 6, 0.237416
AKAZE, ORB, 8, 7, 0.0588609
AKAZE, ORB, 8, 8, 0.265821
AKAZE, ORB, 8, 9, 0.0351887
AKAZE, ORB, 8, 10, 0.151782
AKAZE, ORB, 8, 11, 0.113713
AKAZE, ORB, 8, 12, 0.178635
AKAZE, ORB, 8, 13, 0.00710538
AKAZE, ORB, 8, 14, 0.0984672
AKAZE, ORB, 8, 15, 0.166134
AKAZE, ORB, 8, 16, 0.118138
AKAZE, ORB, 7, 5, 0.242744
AKAZE, ORB, 7, 6, 0.0393089
AKAZE, ORB, 7, 7, 0.531254
AKAZE, ORB, 7, 8, 0.0248849
AKAZE, ORB, 7, 9, 0.0990378
AKAZE, ORB, 7, 10, 7.33227
AKAZE, ORB, 7, 11, 0.241809
AKAZE, ORB, 7, 12, 0.0198846
AKAZE, ORB, 7, 13, 0.0779536
AKAZE, ORB, 7, 14, 0.593764
AKAZE, ORB, 7, 15, 0.577969
AKAZE, ORB, 7, 16, 0.0551947
AKAZE, ORB, 7, 17, 0.169533
AKAZE, ORB, 7, 18, 0.472322
AKAZE, ORB, 7, 19, 0.0580557
AKAZE, ORB, 5, 3, 0.313479
AKAZE, ORB, 5, 4, 0.073958
AKAZE, ORB, 5, 5, 0.0455185
AKAZE, ORB, 5, 6, 0.0639531
AKAZE, ORB, 5, 7, 0.0585218
AKAZE, ORB, 5, 8, 0.0159309
AKAZE, ORB, 5, 9, 0.0819896
AKAZE, ORB, 5, 10, 0.185171
AKAZE, ORB, 5, 11, 0.00938977
AKAZE, ORB, 5, 12, 0.124115
AKAZE, ORB, 5, 13, 0.013248
AKAZE, ORB, 5, 14, 0.575629
AKAZE, ORB, 5, 15, 0.0821353
AKAZE, ORB, 5, 16, 0.181078
AKAZE, ORB, 5, 17, 0.156953
AKAZE, ORB, 5, 18, 0.0222151
AKAZE, ORB, 5, 19, 0.126656
AKAZE, ORB, 6, 3, 0.325743
AKAZE, ORB, 0, 2, 19.1481
AKAZE, ORB, 0, 3, 6.27901
AKAZE, ORB, 0, 4, 3.42544
AKAZE, ORB, 0, 5, 2.99292
AKAZE, ORB, 0, 6, 5.491
AKAZE, ORB, 0, 7, 13.8967
AKAZE, ORB, 0, 8, 18.722
AKAZE, ORB, 0, 9, 3.23147
AKAZE, ORB, 0, 10, 3.4436
AKAZE, ORB, 0, 11, 10.7922
AKAZE, ORB, 0, 12, 2.56936
AKAZE, ORB, 0, 13, 3.09207
AKAZE, ORB, 0, 14, 6.36292
AKAZE, ORB, 0, 15, 2.0536
AKAZE, ORB, 0, 16, 3.73644
AKAZE, ORB, 0, 17, 0.62817
AKAZE, ORB, 0, 18, 0.557378
AKAZE, ORB, 0, 19, 0.505403
AKAZE, ORB, 2, 2, 1.15003
AKAZE, ORB, 2, 3, 0.278346
AKAZE, ORB, 2, 4, 0.250439
AKAZE, ORB, 2, 5, 0.0321008
AKAZE, ORB, 2, 6, 0.151311
AKAZE, ORB, 2, 7, 1.0672
AKAZE, ORB, 2, 8, 0.0548447
AKAZE, ORB, 2, 9, 0.115788
AKAZE, ORB, 2, 10, 0.522878
AKAZE, ORB, 2, 11, 0.262431
AKAZE, ORB, 2, 12, 0.377076
AKAZE, ORB, 2, 13, 0.166226
AKAZE, ORB, 2, 14, 0.199098
AKAZE, ORB, 2, 15, 0.571074
AKAZE, ORB, 2, 16, 0.195867
AKAZE, ORB, 2, 17, 0.149869
AKAZE, ORB, 2, 18, 0.173375
AKAZE, ORB, 2, 19, 0.714981
AKAZE, ORB, 1, 2, 0.00919832
AKAZE, ORB, 1, 3, 0.103998
AKAZE, ORB, 1, 4, 0.148452
AKAZE, ORB, 1, 5, 0.109648
AKAZE, ORB, 1, 6, 0.165318
AKAZE, ORB, 1, 7, 6.14211
AKAZE, ORB, 1, 8, 0.207181
AKAZE, ORB, 1, 9, 0.0349429
AKAZE, ORB, 1, 10, 0.0471182
AKAZE, ORB, 1, 11, 0.200201
AKAZE, ORB, 4, 2, 0.0593637
AKAZE, ORB, 4, 3, 0.171903
AKAZE, ORB, 4, 4, 0.28339
AKAZE, ORB, 4, 5, 3.62483
AKAZE, ORB, 4, 6, 3.16097
AKAZE, ORB, 4, 7, 1.35317
AKAZE, ORB, 4, 8, 0.768196
AKAZE, ORB, 4, 9, 0.544369
AKAZE, ORB, 4, 10, 0.538505
AKAZE, ORB, 4, 11, 0.935346
AKAZE, ORB, 4, 12, 0.364363
AKAZE, ORB, 4, 13, 0.465589
AKAZE, ORB, 4, 14, 0.574024
AKAZE, ORB, 4, 15, 0.545368
AKAZE, ORB, 4, 16, 0.256404
AKAZE, ORB, 4, 17, 0.973028
AKAZE, ORB, 4, 18, 2.29633
AKAZE, ORB, 4, 19, 0.706892
AKAZE, ORB, 3, 2, 1.96545
AKAZE, ORB, 3, 3, 1.17099
AKAZE, ORB, 3, 4, 0.902319
AKAZE, ORB, 3, 5, 0.938878
AKAZE, ORB, 3, 6, 1.71903
AKAZE, ORB, 3, 7, 4.36438
AKAZE, ORB, 3, 8, 0.908683
AKAZE, ORB, 3, 9, 1.94901
AKAZE, ORB, 3, 10, 4.68645
AKAZE, ORB, 3, 11, 2.27198
AKAZE, ORB, 3, 12, 1.65319
AKAZE, ORB, 3, 13, 10.3554
AKAZE, ORB, 3, 14, 2.5055
AKAZE, ORB, 3, 15, 1.2362
AKAZE, ORB, 3, 16, 11.6607
AKAZE, ORB, 3, 17, 0.638679
AKAZE, ORB, 3, 18, 0.518329
AKAZE, ORB, 3, 19, 1.42541
AKAZE, FREAK, 13, 19, 0.109621
AKAZE, FREAK, 12, 19, 0.00599275
AKAZE, FREAK, 11, 16, 0.109445
AKAZE, FREAK, 11, 17, 0.509538
AKAZE, FREAK, 10, 14, 0.168662
AKAZE, FREAK, 9, 7, 0.585781
AKAZE, FREAK, 8, 5, 0.082633
AKAZE, FREAK, 8, 6, 0.237416
AKAZE, FREAK, 8, 7, 0.0588609
AKAZE, FREAK, 8, 8, 0.265821
AKAZE, FREAK, 8, 9, 0.0351887
AKAZE, FREAK, 8, 10, 0.151782
AKAZE, FREAK, 8, 11, 0.113713
AKAZE, FREAK, 8, 12, 0.178635
AKAZE, FREAK, 8, 13, 0.00710538
AKAZE, FREAK, 8, 14, 0.0984672
AKAZE, FREAK, 8, 15, 0.166134
AKAZE, FREAK, 8, 16, 0.118138
AKAZE, FREAK, 7, 5, 0.242744
AKAZE, FREAK, 7, 6, 0.0393089
AKAZE, FREAK, 7, 7, 0.531254
AKAZE, FREAK, 7, 8, 0.0248849
AKAZE, FREAK, 7, 9, 0.0990378
AKAZE, FREAK, 7, 10, 7.33227
AKAZE, FREAK, 7, 11, 0.241809
AKAZE, FREAK, 7, 12, 0.0198846
AKAZE, FREAK, 7, 13, 0.0779536
AKAZE, FREAK, 7, 14, 0.593764
AKAZE, FREAK, 7, 15, 0.577969
AKAZE, FREAK, 7, 16, 0.0551947
AKAZE, FREAK, 7, 17, 0.169533
AKAZE, FREAK, 7, 18, 0.472322
AKAZE, FREAK, 7, 19, 0.0580557
AKAZE, FREAK, 5, 3, 0.313479
AKAZE, FREAK, 5, 4, 0.073958
AKAZE, FREAK, 5, 5, 0.0455185
AKAZE, FREAK, 5, 6, 0.0639531
AKAZE, FREAK, 5, 7, 0.0585218
AKAZE, FREAK, 5, 8, 0.0159309
AKAZE, FREAK, 5, 9, 0.0819896
AKAZE, FREAK, 5, 10, 0.185171
AKAZE, FREAK, 5, 11, 0.00938977
AKAZE, FREAK, 5, 12, 0.124115
AKAZE, FREAK, 5, 13, 0.013248
AKAZE, FREAK, 5, 14, 0.575629
AKAZE, FREAK, 5, 15, 0.0821353
AKAZE, FREAK, 5, 16, 0.181078
AKAZE, FREAK, 5, 17, 0.156953
AKAZE, FREAK, 5, 18, 0.0222151
AKAZE, FREAK, 5, 19, 0.126656
AKAZE, FREAK, 6, 3, 0.325743
AKAZE, FREAK, 0, 2, 19.1481
AKAZE, FREAK, 0, 3, 6.27901
AKAZE, FREAK, 0, 4, 3.42544
AKAZE, FREAK, 0, 5, 2.99292
AKAZE, FREAK, 0, 6, 5.491
AKAZE, FREAK, 0, 7, 13.8967
AKAZE, FREAK, 0, 8, 18.722
AKAZE, FREAK, 0, 9, 3.23147
AKAZE, FREAK, 0, 10, 3.4436
AKAZE, FREAK, 0, 11, 10.7922
AKAZE, FREAK, 0, 12, 2.56936
AKAZE, FREAK, 0, 13, 3.09207
AKAZE, FREAK, 0, 14, 6.36292
AKAZE, FREAK, 0, 15, 2.0536
AKAZE, FREAK, 0, 16, 3.73644
AKAZE, FREAK, 0, 17, 0.62817
AKAZE, FREAK, 0, 18, 0.557378
AKAZE, FREAK, 0, 19, 0.505403
AKAZE, FREAK, 2, 2, 1.15003
AKAZE, FREAK, 2, 3, 0.278346
AKAZE, FREAK, 2, 4, 0.250439
AKAZE, FREAK, 2, 5, 0.0321008
AKAZE, FREAK, 2, 6, 0.151311
AKAZE, FREAK, 2, 7, 1.0672
AKAZE, FREAK, 2, 8, 0.0548447
AKAZE, FREAK, 2, 9, 0.115788
AKAZE, FREAK, 2, 10, 0.522878
AKAZE, FREAK, 2, 11, 0.262431
AKAZE, FREAK, 2, 12, 0.377076
AKAZE, FREAK, 2, 13, 0.166226
AKAZE, FREAK, 2, 14, 0.199098
AKAZE, FREAK, 2, 15, 0.571074
AKAZE, FREAK, 2, 16, 0.195867
AKAZE, FREAK, 2, 17, 0.149869
AKAZE, FREAK, 2, 18, 0.173375
AKAZE, FREAK, 2, 19, 0.714981
AKAZE, FREAK, 1, 2, 0.00919832
AKAZE, FREAK, 1, 3, 0.103998
AKAZE, FREAK, 1, 4, 0.148452
AKAZE, FREAK, 1, 5, 0.109648
AKAZE, FREAK, 1, 6, 0.165318
AKAZE, FREAK, 1, 7, 6.14211
AKAZE, FREAK, 1, 8, 0.207181
AKAZE, FREAK, 1, 9, 0.0349429
AKAZE, FREAK, 1, 10, 0.0471182
AKAZE, FREAK, 1, 11, 0.200201
AKAZE, FREAK, 4, 2, 0.0593637
AKAZE, FREAK, 4, 3, 0.171903
AKAZE, FREAK, 4, 4, 0.28339
AKAZE, FREAK, 4, 5, 3.62483
AKAZE, FREAK, 4, 6, 3.16097
AKAZE, FREAK, 4, 7, 1.35317
AKAZE, FREAK, 4, 8, 0.768196
AKAZE, FREAK, 4, 9, 0.544369
AKAZE, FREAK, 4, 10, 0.538505
AKAZE, FREAK, 4, 11, 0.935346
AKAZE, FREAK, 4, 12, 0.364363
AKAZE, FREAK, 4, 13, 0.465589
AKAZE, FREAK, 4, 14, 0.574024
AKAZE, FREAK, 4, 15, 0.545368
AKAZE, FREAK, 4, 16, 0.256404
AKAZE, FREAK, 4, 17, 0.973028
AKAZE, FREAK, 4, 18, 2.29633
AKAZE, FREAK, 4, 19, 0.706892
AKAZE, FREAK, 3, 2, 1.96545
AKAZE, FREAK, 3, 3, 1.17099
AKAZE, FREAK, 3, 4, 0.902319
AKAZE, FREAK, 3, 5, 0.938878
AKAZE, FREAK, 3, 6, 1.71903
AKAZE, FREAK, 3, 7, 4.36438
AKAZE, FREAK, 3, 8, 0.908683
AKAZE, FREAK, 3, 9, 1.94901
AKAZE, FREAK, 3, 10, 4.68645
AKAZE, FREAK, 3, 11, 2.27198
AKAZE, FREAK, 3, 12, 1.65319
AKAZE, FREAK, 3, 13, 10.3554
AKAZE, FREAK, 3, 14, 2.5055
AKAZE, FREAK, 3, 15, 1.2362
AKAZE, FREAK, 3, 16, 11.6607
AKAZE, FREAK, 3, 17, 0.638679
AKAZE, FREAK, 3, 18, 0.518329
AKAZE, FREAK, 3, 19, 1.42541
AKAZE, AKAZE, 13, 19, 0.109621
AKAZE, AKAZE, 12, 19, 0.00599275
AKAZE, AKAZE, 11, 16, 0.109445
AKAZE, AKAZE, 11, 17, 0.509538
AKAZE, AKAZE, 10, 14, 0.168662
AKAZE, AKAZE, 9, 7, 0.585781
AKAZE, AKAZE, 9, 8, 0.0930982
AKAZE, AKAZE, 8, 5, 0.082633
AKAZE, AKAZE, 8, 6, 0.237416
AKAZE, AKAZE, 8, 7, 0.0588609
AKAZE, AKAZE, 8, 8, 0.265821
AKAZE, AKAZE, 8, 9, 0.0351887
AKAZE, AKAZE, 8, 10, 0.151782
AKAZE, AKAZE, 8, 11, 0.113713
AKAZE, AKAZE, 8, 12, 0.178635
AKAZE, AKAZE, 8, 13, 0.00710538
AKAZE, AKAZE, 8, 14, 0.0984672
AKAZE, AKAZE, 8, 15, 0.166134
AKAZE, AKAZE, 8, 16, 0.118138
AKAZE, AKAZE, 7, 5, 0.242744
AKAZE, AKAZE, 7, 6, 0.0393089
AKAZE, AKAZE, 7, 7, 0.531254
AKAZE, AKAZE, 7, 8, 0.0248849
AKAZE, AKAZE, 7, 9, 0.0990378
AKAZE, AKAZE, 7, 10, 7.33227
AKAZE, AKAZE, 7, 11, 0.241809
AKAZE, AKAZE, 7, 12, 0.0198846
AKAZE, AKAZE, 7, 13, 0.0779536
AKAZE, AKAZE, 7, 14, 0.593764
AKAZE, AKAZE, 7, 15, 0.577969
AKAZE, AKAZE, 7, 16, 0.0551947
AKAZE, AKAZE, 7, 17, 0.169533
AKAZE, AKAZE, 7, 18, 0.472322
AKAZE, AKAZE, 7, 19, 0.0580557
AKAZE, AKAZE, 6, 3, 0.313479
AKAZE, AKAZE, 6, 4, 0.073958
AKAZE, AKAZE, 6, 5, 0.0455185
AKAZE, AKAZE, 6, 6, 0.0639531
AKAZE, AKAZE, 6, 7, 0.0585218
AKAZE, AKAZE, 6, 8, 0.0159309
AKAZE, AKAZE, 6, 9, 0.0819896
AKAZE, AKAZE, 6, 10, 0.185171
AKAZE, AKAZE, 6, 11, 0.00938977
AKAZE, AKAZE, 6, 12, 0.124115
AKAZE, AKAZE, 6, 13, 0.013248
AKAZE, AKAZE, 6, 14, 0.575629
AKAZE, AKAZE, 6, 15, 0.0821353
AKAZE, AKAZE, 6, 16, 0.181078
AKAZE, AKAZE, 6, 17, 0.156953
AKAZE, AKAZE, 6, 18, 0.0222151
AKAZE, AKAZE, 6, 19, 0.126656
AKAZE, AKAZE, 5, 3, 0.325743
AKAZE, AKAZE, 0, 2, 19.1481
AKAZE, AKAZE, 0, 3, 6.27901
AKAZE, AKAZE, 0, 4, 3.42544
AKAZE, AKAZE, 0, 5, 2.99292
AKAZE, AKAZE, 0, 6, 5.491
AKAZE, AKAZE, 0, 7, 13.8967
AKAZE, AKAZE, 0, 8, 18.722
AKAZE, AKAZE, 0, 9, 3.23147
AKAZE, AKAZE, 0, 10, 3.4436
AKAZE, AKAZE, 0, 11, 10.7922
AKAZE, AKAZE, 0, 12, 2.56936
AKAZE, AKAZE, 0, 13, 3.09207
AKAZE, AKAZE, 0, 14, 6.36292
AKAZE, AKAZE, 0, 15, 2.0536
AKAZE, AKAZE, 0, 16, 3.73644
AKAZE, AKAZE, 0, 17, 0.62817
AKAZE, AKAZE, 0, 18, 0.557378
AKAZE, AKAZE, 0, 19, 0.505403
AKAZE, AKAZE, 2, 2, 1.15003
AKAZE, AKAZE, 2, 3, 0.278346
AKAZE, AKAZE, 2, 4, 0.250439
AKAZE, AKAZE, 2, 5, 0.0321008
AKAZE, AKAZE, 2, 6, 0.151311
AKAZE, AKAZE, 2, 7, 1.0672
AKAZE, AKAZE, 2, 8, 0.0548447
AKAZE, AKAZE, 2, 9, 0.115788
AKAZE, AKAZE, 2, 10, 0.522878
AKAZE, AKAZE, 2, 11, 0.262431
AKAZE, AKAZE, 2, 12, 0.377076
AKAZE, AKAZE, 2, 13, 0.166226
AKAZE, AKAZE, 2, 14, 0.199098
AKAZE, AKAZE, 2, 15, 0.571074
AKAZE, AKAZE, 2, 16, 0.195867
AKAZE, AKAZE, 2, 17, 0.149869
AKAZE, AKAZE, 2, 18, 0.173375
AKAZE, AKAZE, 2, 19, 0.714981
AKAZE, AKAZE, 1, 2, 0.00919832
AKAZE, AKAZE, 1, 3, 0.103998
AKAZE, AKAZE, 1, 4, 0.148452
AKAZE, AKAZE, 1, 5, 0.109648
AKAZE, AKAZE, 1, 6, 0.165318
AKAZE, AKAZE, 1, 7, 6.14211
AKAZE, AKAZE, 1, 8, 0.207181
AKAZE, AKAZE, 1, 9, 0.0349429
AKAZE, AKAZE, 1, 10, 0.0471182
AKAZE, AKAZE, 1, 11, 0.200201
AKAZE, AKAZE, 4, 2, 0.0593637
AKAZE, AKAZE, 4, 3, 0.171903
AKAZE, AKAZE, 4, 4, 0.28339
AKAZE, AKAZE, 4, 5, 3.62483
AKAZE, AKAZE, 4, 6, 3.16097
AKAZE, AKAZE, 4, 7, 1.35317
AKAZE, AKAZE, 4, 8, 0.768196
AKAZE, AKAZE, 4, 9, 0.544369
AKAZE, AKAZE, 4, 10, 0.538505
AKAZE, AKAZE, 4, 11, 0.935346
AKAZE, AKAZE, 4, 12, 0.364363
AKAZE, AKAZE, 4, 13, 0.465589
AKAZE, AKAZE, 4, 14, 0.574024
AKAZE, AKAZE, 4, 15, 0.545368
AKAZE, AKAZE, 4, 16, 0.256404
AKAZE, AKAZE, 4, 17, 0.973028
AKAZE, AKAZE, 4, 18, 2.29633
AKAZE, AKAZE, 4, 19, 0.706892
AKAZE, AKAZE, 3, 2, 1.96545
AKAZE, AKAZE, 3, 3, 1.17099
AKAZE, AKAZE, 3, 4, 0.902319
AKAZE, AKAZE, 3, 5, 0.938878
AKAZE, AKAZE, 3, 6, 1.71903
AKAZE, AKAZE, 3, 7, 4.36438
AKAZE, AKAZE, 3, 8, 0.908683
AKAZE, AKAZE, 3, 9, 1.94901
AKAZE, AKAZE, 3, 10, 4.68645
AKAZE, AKAZE, 3, 11, 2.27198
AKAZE, AKAZE, 3, 12, 1.65319
AKAZE, AKAZE, 3, 13, 10.3554
AKAZE, AKAZE, 3, 14, 2.5055
AKAZE, AKAZE, 3, 15, 1.2362
AKAZE, AKAZE, 3, 16, 11.6607
AKAZE, AKAZE, 3, 17, 0.638679
AKAZE, AKAZE, 3, 18, 0.518329
AKAZE, AKAZE, 3, 19, 1.42541
AKAZE, SIFT, 16, 19, 0.109621
AKAZE, SIFT, 18, 19, 0.00599275
AKAZE, SIFT, 17, 19, 0.126656
AKAZE, SIFT, 15, 16, 0.109445
AKAZE, SIFT, 15, 17, 0.509538
AKAZE, SIFT, 14, 14, 0.168662
AKAZE, SIFT, 13, 13, 0.00710538
AKAZE, SIFT, 13, 14, 0.0984672
AKAZE, SIFT, 13, 15, 0.166134
AKAZE, SIFT, 13, 16, 0.118138
AKAZE, SIFT, 11, 11, 0.0188946
AKAZE, SIFT, 11, 12, 0.124115
AKAZE, SIFT, 11, 13, 0.013248
AKAZE, SIFT, 11, 14, 0.575629
AKAZE, SIFT, 11, 15, 0.0821353
AKAZE, SIFT, 11, 16, 0.181078
AKAZE, SIFT, 11, 17, 0.156953
AKAZE, SIFT, 12, 11, 0.241809
AKAZE, SIFT, 12, 12, 0.0198846
AKAZE, SIFT, 12, 13, 0.0779536
AKAZE, SIFT, 12, 14, 0.593764
AKAZE, SIFT, 12, 15, 0.577969
AKAZE, SIFT, 12, 16, 0.0551947
AKAZE, SIFT, 12, 17, 0.169533
AKAZE, SIFT, 12, 18, 0.472322
AKAZE, SIFT, 10, 10, 0.538505
AKAZE, SIFT, 10, 11, 0.935346
AKAZE, SIFT, 10, 12, 0.364363
AKAZE, SIFT, 10, 13, 0.465589
AKAZE, SIFT, 10, 14, 0.574024
AKAZE, SIFT, 10, 15, 0.545368
AKAZE, SIFT, 10, 16, 0.256404
AKAZE, SIFT, 10, 17, 0.973028
AKAZE, SIFT, 10, 18, 2.29633
AKAZE, SIFT, 10, 19, 0.706892
AKAZE, SIFT, 9, 8, 0.0248849
AKAZE, SIFT, 8, 7, 1.35317
AKAZE, SIFT, 7, 6, 0.151311
AKAZE, SIFT, 7, 7, 1.0672
AKAZE, SIFT, 7, 8, 0.0548447
AKAZE, SIFT, 7, 9, 0.115788
AKAZE, SIFT, 7, 10, 0.522878
AKAZE, SIFT, 7, 11, 0.262431
AKAZE, SIFT, 7, 12, 0.377076
AKAZE, SIFT, 7, 13, 0.166226
AKAZE, SIFT, 7, 14, 0.199098
AKAZE, SIFT, 7, 15, 0.571074
AKAZE, SIFT, 7, 16, 0.195867
AKAZE, SIFT, 7, 17, 0.149869
AKAZE, SIFT, 7, 18, 0.173375
AKAZE, SIFT, 7, 19, 0.714981
AKAZE, SIFT, 6, 5, 0.082633
AKAZE, SIFT, 6, 6, 0.237416
AKAZE, SIFT, 6, 7, 0.0588609
AKAZE, SIFT, 6, 8, 0.265821
AKAZE, SIFT, 6, 9, 0.0351887
AKAZE, SIFT, 6, 10, 0.151782
AKAZE, SIFT, 5, 5, 0.0455185
AKAZE, SIFT, 5, 6, 0.0639531
AKAZE, SIFT, 5, 7, 0.0585218
AKAZE, SIFT, 5, 8, 0.0159309
AKAZE, SIFT, 5, 9, 0.0819896
AKAZE, SIFT, 5, 10, 0.185171
AKAZE, SIFT, 4, 4, 0.250439
AKAZE, SIFT, 2, 3, 0.313479
AKAZE, SIFT, 3, 3, 0.325743
AKAZE, SIFT, 0, 2, 19.1481
AKAZE, SIFT, 0, 3, 6.27901
AKAZE, SIFT, 0, 4, 3.42544
AKAZE, SIFT, 0, 5, 2.99292
AKAZE, SIFT, 0, 6, 5.491
AKAZE, SIFT, 0, 7, 13.8967
AKAZE, SIFT, 0, 8, 18.722
AKAZE, SIFT, 0, 9, 3.23147
AKAZE, SIFT, 0, 10, 3.4436
AKAZE, SIFT, 0, 11, 10.7922
AKAZE, SIFT, 0, 12, 2.56936
AKAZE, SIFT, 0, 13, 3.09207
AKAZE, SIFT, 0, 14, 6.36292
AKAZE, SIFT, 0, 15, 2.0536
AKAZE, SIFT, 0, 16, 3.73644
AKAZE, SIFT, 0, 17, 0.62817
AKAZE, SIFT, 0, 18, 0.557378
AKAZE, SIFT, 0, 19, 0.505403
AKAZE, SIFT, 1, 2, 0.00919832
AKAZE, SIFT, 1, 3, 0.103998
AKAZE, SIFT, 1, 4, 0.148452
AKAZE, SIFT, 1, 5, 0.109648
AKAZE, SIFT, 1, 6, 0.165318
AKAZE, SIFT, 1, 7, 6.14211
AKAZE, SIFT, 1, 8, 0.207181
AKAZE, SIFT, 1, 9, 0.0349429
AKAZE, SIFT, 1, 10, 0.0471182
AKAZE, SIFT, 1, 11, 0.200201
SIFT, ORB, 14, 19, 0.109621
SIFT, ORB, 13, 19, 0.00599275
SIFT, ORB, 12, 16, 0.109445
SIFT, ORB, 12, 17, 0.509538
SIFT, ORB, 11, 14, 0.168662
SIFT, ORB, 10, 11, 0.0188946
SIFT, ORB, 10, 12, 0.124115
SIFT, ORB, 10, 13, 0.013248
SIFT, ORB, 10, 14, 0.575629
SIFT, ORB, 10, 15, 0.0821353
SIFT, ORB, 10, 16, 0.181078
SIFT, ORB, 10, 17, 0.156953
SIFT, ORB, 10, 18, 0.0222151
SIFT, ORB, 10, 19, 0.126656
SIFT, ORB, 9, 7, 0.585781
SIFT, ORB, 9, 8, 0.0930982
SIFT, ORB, 7, 5, 0.082633
SIFT, ORB, 7, 6, 0.237416
SIFT, ORB, 7, 7, 0.0588609
SIFT, ORB, 7, 8, 0.265821
SIFT, ORB, 7, 9, 0.0351887
SIFT, ORB, 7, 10, 0.151782
SIFT, ORB, 7, 11, 0.113713
SIFT, ORB, 7, 12, 0.178635
SIFT, ORB, 7, 13, 0.00710538
SIFT, ORB, 7, 14, 0.0984672
SIFT, ORB, 7, 15, 0.166134
SIFT, ORB, 7, 16, 0.118138
SIFT, ORB, 8, 5, 0.242744
SIFT, ORB, 8, 6, 0.0393089
SIFT, ORB, 8, 7, 0.531254
SIFT, ORB, 8, 8, 0.0248849
SIFT, ORB, 8, 9, 0.0990378
SIFT, ORB, 8, 10, 7.33227
SIFT, ORB, 8, 11, 0.241809
SIFT, ORB, 8, 12, 0.0198846
SIFT, ORB, 8, 13, 0.0779536
SIFT, ORB, 8, 14, 0.593764
SIFT, ORB, 8, 15, 0.577969
SIFT, ORB, 8, 16, 0.0551947
SIFT, ORB, 8, 17, 0.169533
SIFT, ORB, 8, 18, 0.472322
SIFT, ORB, 8, 19, 0.0580557
SIFT, ORB, 6, 3, 0.313479
SIFT, ORB, 6, 4, 0.073958
SIFT, ORB, 6, 5, 0.0455185
SIFT, ORB, 6, 6, 0.0639531
SIFT, ORB, 6, 7, 0.0585218
SIFT, ORB, 6, 8, 0.0159309
SIFT, ORB, 6, 9, 0.0819896
SIFT, ORB, 6, 10, 0.185171
SIFT, ORB, 5, 3, 0.325743
SIFT, ORB, 0, 2, 19.1481
SIFT, ORB, 0, 3, 6.27901
SIFT, ORB, 0, 4, 3.42544
SIFT, ORB, 0, 5, 2.99292
SIFT, ORB, 0, 6, 5.491
SIFT, ORB, 0, 7, 13.8967
SIFT, ORB, 0, 8, 18.722
SIFT, ORB, 0, 9, 3.23147
SIFT, ORB, 0, 10, 3.4436
SIFT, ORB, 0, 11, 10.7922
SIFT, ORB, 0, 12, 2.56936
SIFT, ORB, 0, 13, 3.09207
SIFT, ORB, 0, 14, 6.36292
SIFT, ORB, 0, 15, 2.0536
SIFT, ORB, 0, 16, 3.73644
SIFT, ORB, 0, 17, 0.62817
SIFT, ORB, 0, 18, 0.557378
SIFT, ORB, 0, 19, 0.505403
SIFT, ORB, 2, 2, 1.15003
SIFT, ORB, 2, 3, 0.278346
SIFT, ORB, 2, 4, 0.250439
SIFT, ORB, 2, 5, 0.0321008
SIFT, ORB, 2, 6, 0.151311
SIFT, ORB, 2, 7, 1.0672
SIFT, ORB, 2, 8, 0.0548447
SIFT, ORB, 2, 9, 0.115788
SIFT, ORB, 2, 10, 0.522878
SIFT, ORB, 2, 11, 0.262431
SIFT, ORB, 2, 12, 0.377076
SIFT, ORB, 2, 13, 0.166226
SIFT, ORB, 2, 14, 0.199098
SIFT, ORB, 2, 15, 0.571074
SIFT, ORB, 2, 16, 0.195867
SIFT, ORB, 2, 17, 0.149869
SIFT, ORB, 2, 18, 0.173375
SIFT, ORB, 2, 19, 0.714981
SIFT, ORB, 1, 2, 0.00919832
SIFT, ORB, 1, 3, 0.103998
SIFT, ORB, 1, 4, 0.148452
SIFT, ORB, 1, 5, 0.109648
SIFT, ORB, 1, 6, 0.165318
SIFT, ORB, 1, 7, 6.14211
SIFT, ORB, 1, 8, 0.207181
SIFT, ORB, 1, 9, 0.0349429
SIFT, ORB, 1, 10, 0.0471182
SIFT, ORB, 1, 11, 0.200201
SIFT, ORB, 4, 2, 0.0593637
SIFT, ORB, 4, 3, 0.171903
SIFT, ORB, 4, 4, 0.28339
SIFT, ORB, 4, 5, 3.62483
SIFT, ORB, 4, 6, 3.16097
SIFT, ORB, 4, 7, 1.35317
SIFT, ORB, 4, 8, 0.768196
SIFT, ORB, 4, 9, 0.544369
SIFT, ORB, 4, 10, 0.538505
SIFT, ORB, 4, 11, 0.935346
SIFT, ORB, 4, 12, 0.364363
SIFT, ORB, 4, 13, 0.465589
SIFT, ORB, 4, 14, 0.574024
SIFT, ORB, 4, 15, 0.545368
SIFT, ORB, 4, 16, 0.256404
SIFT, ORB, 4, 17, 0.973028
SIFT, ORB, 4, 18, 2.29633
SIFT, ORB, 4, 19, 0.706892
SIFT, ORB, 3, 2, 1.96545
SIFT, ORB, 3, 3, 1.17099
SIFT, ORB, 3, 4, 0.902319
SIFT, ORB, 3, 5, 0.938878
SIFT, ORB, 3, 6, 1.71903
SIFT, ORB, 3, 7, 4.36438
SIFT, ORB, 3, 8, 0.908683
SIFT, ORB, 3, 9, 1.94901
SIFT, ORB, 3, 10, 4.68645
SIFT, ORB, 3, 11, 2.27198
SIFT, ORB, 3, 12, 1.65319
SIFT, ORB, 3, 13, 10.3554
SIFT, ORB, 3, 14, 2.5055
SIFT, ORB, 3, 15, 1.2362
SIFT, ORB, 3, 16, 11.6607
SIFT, ORB, 3, 17, 0.638679
SIFT, ORB, 3, 18, 0.518329
SIFT, ORB, 3, 19, 1.42541
SIFT, FREAK, 13, 19, 0.109621
SIFT, FREAK, 14, 19, 0.00599275
SIFT, FREAK, 12, 16, 0.109445
SIFT, FREAK, 12, 17, 0.509538
SIFT, FREAK, 11, 14, 0.168662
SIFT, FREAK, 10, 13, 0.00710538
SIFT, FREAK, 10, 14, 0.0984672
SIFT, FREAK, 10, 15, 0.166134
SIFT, FREAK, 10, 16, 0.118138
SIFT, FREAK, 9, 11, 0.0188946
SIFT, FREAK, 9, 12, 0.124115
SIFT, FREAK, 9, 13, 0.013248
SIFT, FREAK, 9, 14, 0.575629
SIFT, FREAK, 9, 15, 0.0821353
SIFT, FREAK, 9, 16, 0.181078
SIFT, FREAK, 9, 17, 0.156953
SIFT, FREAK, 9, 18, 0.0222151
SIFT, FREAK, 9, 19, 0.126656
SIFT, FREAK, 7, 5, 0.082633
SIFT, FREAK, 7, 6, 0.237416
SIFT, FREAK, 7, 7, 0.0588609
SIFT, FREAK, 7, 8, 0.265821
SIFT, FREAK, 7, 9, 0.0351887
SIFT, FREAK, 7, 10, 0.151782
SIFT, FREAK, 8, 5, 0.242744
SIFT, FREAK, 8, 6, 0.0393089
SIFT, FREAK, 8, 7, 0.531254
SIFT, FREAK, 8, 8, 0.0248849
SIFT, FREAK, 8, 9, 0.0990378
SIFT, FREAK, 8, 10, 7.33227
SIFT, FREAK, 8, 11, 0.241809
SIFT, FREAK, 8, 12, 0.0198846
SIFT, FREAK, 8, 13, 0.0779536
SIFT, FREAK, 8, 14, 0.593764
SIFT, FREAK, 8, 15, 0.577969
SIFT, FREAK, 8, 16, 0.0551947
SIFT, FREAK, 8, 17, 0.169533
SIFT, FREAK, 8, 18, 0.472322
SIFT, FREAK, 8, 19, 0.0580557
SIFT, FREAK, 6, 3, 0.313479
SIFT, FREAK, 6, 4, 0.073958
SIFT, FREAK, 6, 5, 0.0455185
SIFT, FREAK, 6, 6, 0.0639531
SIFT, FREAK, 6, 7, 0.0585218
SIFT, FREAK, 6, 8, 0.0159309
SIFT, FREAK, 6, 9, 0.0819896
SIFT, FREAK, 6, 10, 0.185171
SIFT, FREAK, 5, 3, 0.325743
SIFT, FREAK, 0, 2, 19.1481
SIFT, FREAK, 0, 3, 6.27901
SIFT, FREAK, 0, 4, 3.42544
SIFT, FREAK, 0, 5, 2.99292
SIFT, FREAK, 0, 6, 5.491
SIFT, FREAK, 0, 7, 13.8967
SIFT, FREAK, 0, 8, 18.722
SIFT, FREAK, 0, 9, 3.23147
SIFT, FREAK, 0, 10, 3.4436
SIFT, FREAK, 0, 11, 10.7922
SIFT, FREAK, 0, 12, 2.56936
SIFT, FREAK, 0, 13, 3.09207
SIFT, FREAK, 0, 14, 6.36292
SIFT, FREAK, 0, 15, 2.0536
SIFT, FREAK, 0, 16, 3.73644
SIFT, FREAK, 0, 17, 0.62817
SIFT, FREAK, 0, 18, 0.557378
SIFT, FREAK, 0, 19, 0.505403
SIFT, FREAK, 2, 2, 1.15003
SIFT, FREAK, 2, 3, 0.278346
SIFT, FREAK, 2, 4, 0.250439
SIFT, FREAK, 2, 5, 0.0321008
SIFT, FREAK, 2, 6, 0.151311
SIFT, FREAK, 2, 7, 1.0672
SIFT, FREAK, 2, 8, 0.0548447
SIFT, FREAK, 2, 9, 0.115788
SIFT, FREAK, 2, 10, 0.522878
SIFT, FREAK, 2, 11, 0.262431
SIFT, FREAK, 2, 12, 0.377076
SIFT, FREAK, 2, 13, 0.166226
SIFT, FREAK, 2, 14, 0.199098
SIFT, FREAK, 2, 15, 0.571074
SIFT, FREAK, 2, 16, 0.195867
SIFT, FREAK, 2, 17, 0.149869
SIFT, FREAK, 2, 18, 0.173375
SIFT, FREAK, 2, 19, 0.714981
SIFT, FREAK, 1, 2, 0.00919832
SIFT, FREAK, 1, 3, 0.103998
SIFT, FREAK, 1, 4, 0.148452
SIFT, FREAK, 1, 5, 0.109648
SIFT, FREAK, 1, 6, 0.165318
SIFT, FREAK, 1, 7, 6.14211
SIFT, FREAK, 1, 8, 0.207181
SIFT, FREAK, 1, 9, 0.0349429
SIFT, FREAK, 1, 10, 0.0471182
SIFT, FREAK, 1, 11, 0.200201
SIFT, FREAK, 4, 2, 0.0593637
SIFT, FREAK, 4, 3, 0.171903
SIFT, FREAK, 4, 4, 0.28339
SIFT, FREAK, 4, 5, 3.62483
SIFT, FREAK, 4, 6, 3.16097
SIFT, FREAK, 4, 7, 1.35317
SIFT, FREAK, 4, 8, 0.768196
SIFT, FREAK, 4, 9, 0.544369
SIFT, FREAK, 4, 10, 0.538505
SIFT, FREAK, 4, 11, 0.935346
SIFT, FREAK, 4, 12, 0.364363
SIFT, FREAK, 4, 13, 0.465589
SIFT, FREAK, 4, 14, 0.574024
SIFT, FREAK, 4, 15, 0.545368
SIFT, FREAK, 4, 16, 0.256404
SIFT, FREAK, 4, 17, 0.973028
SIFT, FREAK, 4, 18, 2.29633
SIFT, FREAK, 4, 19, 0.706892
SIFT, FREAK, 3, 2, 1.96545
SIFT, FREAK, 3, 3, 1.17099
SIFT, FREAK, 3, 4, 0.902319
SIFT, FREAK, 3, 5, 0.938878
SIFT, FREAK, 3, 6, 1.71903
SIFT, FREAK, 3, 7, 4.36438
SIFT, FREAK, 3, 8, 0.908683
SIFT, FREAK, 3, 9, 1.94901
SIFT, FREAK, 3, 10, 4.68645
SIFT, FREAK, 3, 11, 2.27198
SIFT, FREAK, 3, 12, 1.65319
SIFT, FREAK, 3, 13, 10.3554
SIFT, FREAK, 3, 14, 2.5055
SIFT, FREAK, 3, 15, 1.2362
SIFT, FREAK, 3, 16, 11.6607
SIFT, FREAK, 3, 17, 0.638679
SIFT, FREAK, 3, 18, 0.518329
SIFT, FREAK, 3, 19, 1.42541
SIFT, SIFT, 9, 16, 0.109445
SIFT, SIFT, 9, 17, 0.509538
SIFT, SIFT, 10, 16, 0.181078
SIFT, SIFT, 8, 15, 0.166134
SIFT, SIFT, 8, 16, 0.118138
SIFT, SIFT, 7, 14, 0.575629
SIFT, SIFT, 6, 11, 0.0188946
SIFT, SIFT, 5, 8, 0.0159309
SIFT, SIFT, 4, 7, 0.0588609
SIFT, SIFT, 4, 8, 0.265821
SIFT, SIFT, 4, 9, 0.0351887
SIFT, SIFT, 4, 10, 0.151782
SIFT, SIFT, 3, 7, 6.14211
SIFT, SIFT, 3, 8, 0.207181
SIFT, SIFT, 3, 9, 0.0349429
SIFT, SIFT, 3, 10, 0.0471182
SIFT, SIFT, 3, 11, 0.200201
SIFT, SIFT, 2, 5, 0.109648
SIFT, SIFT, 1, 2, 19.1481
SIFT, SIFT, 1, 3, 6.27901
SIFT, SIFT, 1, 4, 3.42544
SIFT, SIFT, 1, 5, 2.99292
SIFT, SIFT, 1, 6, 5.491
SIFT, SIFT, 1, 7, 13.8967
SIFT, SIFT, 1, 8, 18.722
SIFT, SIFT, 1, 9, 3.23147
SIFT, SIFT, 1, 10, 3.4436
SIFT, SIFT, 1, 11, 10.7922
SIFT, SIFT, 1, 12, 2.56936
SIFT, SIFT, 1, 13, 3.09207
SIFT, SIFT, 1, 14, 6.36292
SIFT, SIFT, 1, 15, 2.0536
SIFT, SIFT, 1, 16, 3.73644
SIFT, SIFT, 1, 17, 0.62817
SIFT, SIFT, 1, 18, 0.557378
SIFT, SIFT, 1, 19, 0.505403
SIFT, SIFT, 11, 16, 0.195867
SIFT, SIFT, 0, 2, 0.00919832
SIFT, SIFT, 0, 3, 0.103998
